"Season","Team","G","PA","HR","R","RBI","SB","BB%","K%","ISO","BABIP","AVG","OBP","SLG","wOBA","xwOBA","wRC+","BsR","Off","Def","WAR"
"2001","SEA","2043","6474","169","927","881","174","9.5%","15.3%",".157",".320",".288",".360",".445",".347","","116","16.2","143.0","84.6","44.4"
"2019","HOU","2309","6394","288","920","891","67","10.1%","18.2%",".221",".296",".274",".352",".495",".355","","126","-9.5","201.6","-2.5","41.3"
"2016","CHC","2332","6335","199","808","767","66","10.4%","21.1%",".173",".302",".256",".343",".429",".333","","106","17.3","61.3","104.8","37.1"
"2011","NYY","2301","6306","222","867","836","147","9.9%","18.0%",".181",".292",".263",".343",".444",".345","","113","6.6","101.6","39.7","37.0"
"2015","TOR","2337","6231","232","891","852","88","9.1%","18.5%",".188",".298",".269",".340",".457",".344","","117","11.0","135.9","6.6","36.7"
"2011","BOS","2269","6414","203","875","842","102","9.0%","17.3%",".181",".314",".280",".349",".461",".352","","117","-12.2","114.3","16.2","36.3"
"2013","BOS","2264","6382","178","853","819","123","9.1%","20.5%",".169",".329",".277",".349",".446",".347","","114","13.3","116.7","11.9","36.2"
"2010","CIN","2370","6285","188","790","761","93","8.3%","19.4%",".164",".314",".272",".338",".436",".340","","106","12.7","57.2","96.8","35.7"
"2003","ATL","2362","6378","235","907","872","68","8.5%","14.6%",".192",".302",".284",".349",".475",".354","","112","9.5","105.3","46.7","35.6"
"2016","BOS","2284","6320","208","878","836","83","8.8%","18.4%",".179",".320",".282",".348",".461",".346","","113","10.6","109.9","15.9","35.2"
"2009","TBR","2345","6223","199","803","765","194","10.3%","19.7%",".177",".303",".263",".343",".439",".342","","109","21.6","90.5","41.8","35.1"
"2002","SFG","2263","6298","198","783","751","74","9.8%","15.3%",".175",".289",".267",".344",".442",".338","","109","2.8","73.4","72.1","35.1"
"2007","PHI","2446","6537","213","892","850","138","9.8%","18.4%",".184",".311",".274",".354",".458",".351","","105","20.6","63.6","78.5","34.9"
"2019","LAD","2413","6281","279","886","861","57","9.7%","21.6%",".215",".291",".257",".338",".472",".338","","111","11.9","103.3","51.7","34.8"
"2018","LAD","2574","6358","235","804","756","75","10.2%","22.6%",".191",".294",".250",".333",".442",".333","","111","11.4","99.3","38.3","34.8"
"2000","SFG","2123","6418","226","925","889","79","11.0%","16.1%",".194",".303",".278",".362",".472",".359","","112","-1.3","103.6","53.7","34.7"
"2003","STL","2391","6466","196","876","827","82","9.0%","14.7%",".175",".302",".279",".350",".454",".346","","109","9.2","83.9","53.5","34.4"
"2008","STL","2396","6370","174","779","744","73","9.1%","15.5%",".152",".312",".281",".350",".433",".342","","107","-10.0","46.4","90.6","34.0"
"2011","TEX","2186","6261","210","855","807","143","7.6%","14.9%",".177",".304",".283",".340",".460",".347","","112","20.6","107.4","5.3","33.9"
"2007","NYY","2366","6528","201","968","929","123","9.8%","15.2%",".174",".318",".290",".366",".463",".361","","119","11.9","168.4","-47.2","33.9"
"2009","NYY","2369","6449","244","915","881","111","10.3%","15.7%",".194",".306",".283",".362",".478",".365","","117","0.2","137.5","-25.5","33.8"
"2012","LAA","2267","6121","187","767","732","134","7.3%","18.2%",".159",".311",".274",".332",".433",".331","","113","13.5","109.8","5.9","33.8"
"2017","HOU","2313","6271","238","896","854","98","8.1%","17.3%",".196",".309",".282",".346",".478",".349","","121","-0.4","162.6","-37.9","33.7"
"2004","STL","2381","6297","214","855","817","111","8.7%","17.2%",".182",".307",".278",".344",".460",".344","","107","18.9","72.1","60.7","33.6"
"2012","NYY","2367","6231","245","804","774","93","9.1%","18.9%",".188",".293",".265",".337",".453",".342","","113","2.3","97.2","12.1","33.6"
"2017","LAD","2464","6191","221","770","730","77","10.5%","22.3%",".188",".293",".249",".334",".437",".330","","104","5.8","40.7","90.2","33.3"
"2008","BOS","2293","6402","173","845","807","120","10.1%","16.7%",".168",".315",".280",".358",".447",".351","","110","-4.7","72.2","35.4","32.9"
"2008","PHI","2396","6273","214","799","762","136","9.3%","17.8%",".182",".283",".255",".332",".438",".334","","98","23.6","4.7","123.4","32.8"
"2003","BOS","2313","6530","238","961","932","88","9.5%","14.4%",".202",".307",".289",".360",".491",".364","","120","3.5","167.2","-61.5","32.6"
"2019","NYY","2312","6245","306","943","904","55","9.1%","23.0%",".222",".306",".267",".339",".490",".346","","116","-0.8","128.4","-14.5","32.5"
"2018","BOS","2345","6302","208","876","829","125","9.0%","19.9%",".185",".309",".268",".339",".453",".340","","111","-5.1","74.1","30.9","32.2"
"2018","OAK","2403","6255","227","813","778","35","8.8%","22.1%",".187",".294",".252",".325",".439",".329","","112","-5.8","83.2","23.0","32.2"
"2009","PHI","2285","6338","224","820","788","119","9.3%","18.2%",".189",".286",".258",".334",".447",".339","","103","20.0","42.5","78.4","32.0"
"2014","LAD","2364","6231","134","718","686","138","8.3%","20.0%",".140",".318",".265",".333",".406",".327","","112","-0.4","81.4","20.3","31.8"
"2014","PIT","2362","6224","156","682","659","104","8.4%","20.0%",".145",".307",".259",".330",".404",".325","","108","3.8","61.6","36.7","31.4"
"2018","NYY","2269","6271","267","851","821","63","10.0%","22.7%",".202",".285",".249",".329",".451",".335","","112","14.6","102.8","-4.6","31.4"
"2002","SEA","2251","6362","152","814","771","137","9.9%","15.8%",".144",".307",".275",".350",".419",".335","","110","12.9","87.6","8.8","31.3"
"2000","ANA","1839","6373","236","864","837","93","9.5%","16.1%",".193",".303",".280",".352",".472",".356","","106","-4.5","49.9","52.7","31.3"
"2010","NYY","2313","6379","201","859","823","103","10.4%","17.8%",".169",".300",".267",".350",".436",".346","","112","12.1","101.5","-24.8","31.2"
"2000","STL","2196","6369","235","887","841","87","10.6%","19.7%",".185",".308",".270",".356",".455",".353","","105","-5.2","36.0","82.1","31.2"
"2003","SEA","2180","6281","139","795","759","108","9.3%","15.7%",".139",".306",".271",".344",".410",".331","","104","2.4","36.5","62.6","31.1"
"2001","STL","2300","6177","199","814","768","91","8.6%","17.6%",".172",".302",".270",".339",".441",".335","","101","2.7","11.2","103.0","31.1"
"2019","MIN","2320","6392","307","939","906","28","8.2%","20.9%",".224",".300",".270",".338",".494",".347","","116","-8.4","120.4","-26.7","31.0"
"2001","SFG","2231","6408","235","799","775","57","9.8%","17.0%",".194",".290",".266",".342",".460",".341","","108","-7.2","60.2","46.3","30.9"
"2005","CLE","2166","6255","207","790","760","62","8.0%","17.5%",".181",".302",".271",".334",".453",".340","","110","3.6","76.4","20.2","30.9"
"2007","DET","2269","6364","177","887","857","103","7.4%","16.6%",".171",".323",".287",".345",".458",".347","","108","8.0","75.1","19.4","30.7"
"2010","TBR","2361","6270","160","802","769","172","10.7%","20.6%",".156",".293",".247",".333",".403",".326","","106","37.6","78.5","-3.2","30.7"
"2011","MIL","2292","6113","185","721","693","94","7.9%","17.7%",".164",".293",".261",".325",".425",".327","","103","0.3","20.6","82.0","30.5"
"2011","ARI","2230","6096","172","731","702","133","8.7%","20.5%",".163",".294",".250",".322",".413",".322","","97","9.0","-14.8","117.8","30.5"
"2002","STL","2366","6246","175","787","758","86","8.7%","14.8%",".157",".292",".268",".338",".425",".331","","101","11.7","18.1","82.2","30.4"
"2014","LAA","2468","6284","155","773","729","81","7.8%","20.1%",".147",".305",".259",".322",".406",".321","","110","1.3","67.3","11.5","30.4"
"2008","CHC","2345","6384","184","855","811","87","10.0%","18.6%",".165",".321",".278",".354",".443",".349","","104","6.1","33.2","64.1","30.1"
"2010","MIL","2262","6304","182","750","710","81","8.7%","19.3%",".161",".304",".262",".335",".424",".334","","104","0.6","32.4","66.3","30.0"
"2007","BOS","2278","6426","166","867","829","96","10.7%","16.2%",".165",".315",".279",".362",".444",".352","","109","-5.0","70.7","11.8","29.7"
"2005","ATL","2347","6186","184","769","733","92","8.6%","17.5%",".170",".298",".265",".333",".435",".331","","100","-1.7","-3.1","96.7","29.6"
"2011","STL","2403","6242","162","762","726","57","8.7%","15.7%",".151",".305",".273",".341",".425",".334","","112","-16.5","72.3","17.6","29.6"
"2015","SFG","2342","6153","136","696","663","93","7.4%","18.8%",".139",".313",".267",".326",".406",".318","","104","-0.4","25.5","62.0","29.5"
"2011","CIN","2358","6329","183","735","697","97","8.5%","19.8%",".152",".297",".256",".326",".408",".322","","99","8.7","3.6","81.9","29.4"
"2005","PHI","2273","6345","167","807","760","116","10.1%","17.1%",".154",".306",".270",".348",".423",".335","","98","9.2","-2.9","88.2","29.3"
"2008","TBR","2299","6312","180","774","735","142","9.9%","19.4%",".162",".302",".260",".340",".422",".335","","105","5.6","43.8","30.3","29.2"
"2017","NYY","2294","6354","241","858","821","90","9.7%","21.8%",".185",".304",".262",".339",".447",".336","","109","11.1","82.3","-6.5","29.2"
"2009","LAA","2246","6305","173","883","841","148","8.7%","16.7%",".156",".322",".285",".350",".441",".346","","108","8.6","75.5","-5.4","29.1"
"2015","LAD","2379","6090","187","667","638","59","9.2%","20.7%",".163",".292",".250",".326",".413",".322","","106","-15.3","28.2","57.3","29.0"
"2004","ATL","2349","6339","178","803","767","86","9.3%","18.3%",".164",".309",".270",".343",".434",".336","","100","14.1","13.0","71.5","29.0"
"2019","OAK","2363","6269","257","845","800","49","9.2%","21.3%",".199",".282",".249",".327",".448",".327","","108","-1.7","59.3","18.3","29.0"
"2012","SFG","2384","6200","103","718","675","118","7.8%","17.7%",".128",".315",".269",".327",".397",".314","","101","13.0","22.4","66.7","29.0"
"2008","NYM","2405","6388","172","799","751","138","9.7%","16.0%",".154",".296",".266",".340",".420",".332","","100","12.7","13.4","72.0","28.9"
"2018","CLE","2413","6300","216","818","786","135","8.8%","18.9%",".176",".291",".259",".332",".434",".330","","106","13.7","55.1","16.8","28.8"
"2000","SEA","1985","6444","198","907","869","122","12.0%","16.7%",".172",".299",".269",".361",".442",".352","","107","-0.5","64.5","12.0","28.8"
"2012","STL","2391","6326","159","765","732","91","8.4%","18.8%",".150",".316",".271",".338",".421",".329","","106","-1.6","46.5","33.9","28.5"
"2002","NYY","2135","6377","223","897","857","100","10.0%","18.4%",".180",".310",".275",".354",".455",".352","","116","-1.0","122.9","-55.4","28.5"
"2012","MIL","2415","6224","202","776","741","158","7.5%","19.9%",".177",".299",".259",".325",".437",".329","","102","12.1","29.5","52.2","28.3"
"2013","TBR","2423","6242","165","700","670","73","9.4%","18.8%",".151",".295",".257",".329",".408",".324","","107","2.5","50.1","9.2","28.2"
"2003","SFG","2272","6204","180","755","713","53","9.6%","15.8%",".161",".291",".264",".338",".425",".330","","100","-8.3","-11.7","94.8","28.2"
"2002","ANA","2307","6327","152","851","811","117","7.3%","12.7%",".150",".303",".282",".341",".433",".336","","105","12.5","49.4","16.5","28.2"
"2006","NYM","2279","6291","200","834","800","146","8.7%","17.0%",".181",".293",".264",".334",".445",".334","","99","20.5","13.8","66.4","28.1"
"2001","OAK","1830","6385","199","884","835","68","10.0%","16.0%",".175",".288",".264",".345",".439",".338","","108","0.6","64.5","0.4","28.0"
"2004","LAD","2357","6244","203","761","731","102","8.6%","17.5%",".161",".291",".262",".332",".423",".327","","97","1.7","-19.9","96.8","28.0"
"2018","MIL","2496","6210","218","754","711","124","8.6%","23.5%",".172",".302",".252",".323",".424",".322","","100","8.2","7.7","68.3","27.9"
"2017","MIA","2399","6248","194","778","743","91","7.8%","20.5%",".163",".313",".267",".331",".431",".325","","101","1.4","9.0","65.7","27.9"
"2010","MIN","2290","6257","142","781","749","68","8.9%","15.5%",".148",".306",".273",".341",".422",".335","","106","-15.8","29.5","17.9","27.8"
"2007","NYM","2335","6344","177","804","761","200","8.7%","15.5%",".157",".303",".275",".342",".432",".336","","100","14.2","17.4","57.5","27.7"
"2011","TBR","2284","6152","172","707","674","155","9.3%","19.4%",".159",".281",".244",".322",".402",".319","","103","10.4","35.1","23.1","27.7"
"2013","DET","2274","6388","176","796","767","35","8.3%","16.8%",".151",".320",".283",".346",".434",".341","","114","-19.0","83.7","-35.3","27.6"
"2005","BOS","2344","6403","199","910","863","45","10.2%","16.3%",".174",".310",".281",".357",".454",".352","","112","-2.9","92.8","-33.9","27.6"
"2019","BOS","2455","6475","245","901","857","68","9.1%","21.3%",".197",".313",".269",".340",".466",".338","","106","-7.0","44.2","10.9","27.6"
"2004","SFG","2405","6466","183","850","805","43","10.9%","13.5%",".168",".290",".270",".357",".438",".340","","105","-6.0","35.7","28.4","27.5"
"2009","LAD","2352","6385","145","780","739","116","9.5%","16.7%",".141",".309",".270",".346",".412",".332","","102","4.0","18.7","55.4","27.4"
"2014","BAL","2294","6130","211","705","681","44","6.5%","21.0%",".166",".296",".256",".311",".422",".323","","104","-6.2","21.9","34.4","27.4"
"2012","ATL","2264","6126","149","700","660","101","9.3%","21.0%",".142",".296",".247",".320",".389",".310","","92","7.2","-48.9","123.8","27.3"
"2007","ATL","2398","6374","176","810","781","64","8.4%","18.0%",".160",".314",".275",".339",".435",".337","","99","-6.2","-12.5","80.4","27.2"
"2000","CLE","1930","6512","221","950","889","113","10.5%","16.2%",".182",".318",".288",".367",".470",".364","","109","7.8","89.1","-29.4","27.1"
"2005","STL","2324","6246","170","805","757","83","8.5%","15.2%",".153",".297",".270",".339",".423",".331","","100","9.0","12.4","54.6","27.1"
"2013","SFG","2396","6168","107","629","596","67","7.6%","17.5%",".121",".304",".260",".320",".381",".309","","100","-4.1","-1.7","66.3","26.9"
"2017","CHC","2420","6283","223","822","785","62","9.9%","22.3%",".182",".302",".255",".338",".437",".331","","101","-6.8","4.8","57.6","26.8"
"2004","CLE","2287","6452","184","858","820","94","9.4%","15.6%",".168",".305",".276",".351",".444",".345","","109","-4.7","72.7","-18.2","26.8"
"2017","CLE","2367","6234","212","818","780","88","9.7%","18.5%",".186",".295",".263",".339",".449",".336","","105","11.1","48.8","6.8","26.7"
"2004","PHI","2317","6456","215","840","802","100","10.0%","17.5%",".176",".297",".267",".345",".443",".340","","100","5.5","5.8","50.4","26.7"
"2019","ATL","2411","6302","249","855","824","89","9.8%","23.3%",".195",".305",".258",".336",".452",".332","","102","11.0","23.7","46.2","26.6"
"2001","COL","2179","6394","213","923","874","132","8.0%","16.1%",".191",".322",".292",".354",".483",".357","","95","2.6","-41.9","102.6","26.5"
"2003","NYY","2180","6431","230","877","845","98","10.6%","16.2%",".182",".295",".271",".356",".453",".351","","115","-0.3","119.4","-72.0","26.5"
"2003","PHI","2227","6333","166","791","757","72","10.3%","18.2%",".158",".301",".261",".343",".419",".332","","100","1.2","1.3","59.1","26.4"
"2003","HOU","2390","6320","191","805","763","66","8.8%","16.2%",".169",".289",".263",".336",".431",".333","","97","10.9","-15.9","76.6","26.4"
"2018","HOU","2348","6146","205","797","763","71","9.2%","19.5%",".170",".289",".255",".329",".425",".327","","110","-7.0","64.6","-11.5","26.3"
"2019","WSN","2327","6267","231","873","824","116","9.3%","20.9%",".190",".306",".265",".342",".454",".336","","104","3.7","32.4","35.8","26.3"
"2017","STL","2416","6219","196","761","728","81","9.5%","21.7%",".170",".304",".256",".334",".426",".326","","101","2.0","8.4","51.4","26.3"
"2014","WSN","2265","6216","152","686","635","101","8.3%","21.0%",".140",".303",".253",".321",".393",".317","","99","15.3","8.4","42.4","26.2"
"2006","SDP","2396","6287","161","731","698","123","9.0%","17.6%",".154",".299",".263",".332",".416",".325","","99","5.2","-5.0","65.1","26.1"
"2013","STL","2341","6202","125","783","745","45","7.8%","17.9%",".133",".314",".269",".332",".401",".322","","104","-9.1","21.0","35.0","26.1"
"2015","HOU","2333","6073","230","729","691","121","8.0%","22.9%",".187",".292",".250",".315",".437",".325","","108","8.1","66.8","-19.6","26.1"
"2001","ARI","2180","6349","208","818","776","71","9.2%","16.6%",".175",".294",".267",".341",".442",".336","","97","-2.6","-31.4","88.6","26.0"
"2017","MIN","2324","6261","206","815","781","95","9.5%","21.4%",".174",".306",".260",".334",".434",".329","","103","14.4","39.7","7.2","26.0"
"2000","CHW","1791","6410","216","978","926","119","9.2%","15.0%",".184",".309",".286",".356",".470",".357","","106","5.3","58.5","-9.6","25.9"
"2016","SFG","2404","6271","130","715","675","79","9.1%","17.7%",".140",".299",".258",".329",".398",".315","","96","-2.8","-34.8","92.8","25.9"
"2004","SDP","2316","6313","139","768","722","52","9.0%","14.4%",".141",".301",".273",".342",".414",".329","","103","8.1","30.5","22.3","25.9"
"2006","PHI","2410","6509","216","865","823","92","9.6%","18.5%",".180",".302",".267",".347",".447",".341","","100","18.5","15.5","34.6","25.9"
"2010","SFG","2354","6143","162","697","660","55","7.9%","17.9%",".151",".293",".257",".321",".408",".320","","98","-18.3","-31.6","95.2","25.8"
"2018","STL","2464","6200","205","759","725","63","8.5%","22.3%",".160",".294",".249",".321",".409",".316","","99","12.9","7.9","47.1","25.7"
"2018","ATL","2377","6251","175","759","717","90","8.2%","20.6%",".161",".302",".257",".324",".417",".319","","97","12.6","-13.5","66.8","25.7"
"2002","MIN","2289","6196","167","768","731","79","7.6%","17.6%",".165",".309",".272",".332",".437",".334","","101","-5.6","1.1","45.0","25.7"
"2013","BAL","2246","6144","212","745","719","79","6.8%","18.3%",".171",".288",".260",".313",".431",".323","","101","13.8","16.4","22.7","25.7"
"2013","ATL","2293","6133","181","688","656","64","8.8%","22.6%",".153",".300",".249",".321",".402",".318","","102","-5.7","3.8","50.1","25.6"
"2016","LAD","2491","6164","189","725","680","45","8.5%","21.4%",".160",".294",".249",".319",".409",".314","","97","2.0","-20.1","77.9","25.5"
"2018","CHC","2490","6369","167","761","722","66","9.0%","21.8%",".152",".313",".258",".333",".410",".321","","100","2.2","3.4","44.0","25.5"
"2013","LAD","2336","6145","138","649","618","78","7.7%","18.6%",".133",".308",".264",".326",".396",".317","","103","-8.0","14.7","37.2","25.5"
"2006","TOR","2329","6241","199","809","778","65","8.2%","14.5%",".179",".306",".284",".348",".463",".349","","107","-15.0","43.6","3.4","25.4"
"2015","CHC","2406","6200","171","689","657","95","9.1%","24.5%",".154",".305",".244",".321",".398",".313","","96","15.1","-15.8","63.6","25.4"
"2014","SFG","2353","6087","132","665","636","56","7.0%","20.5%",".133",".304",".255",".311",".388",".308","","99","0.5","-5.1","52.8","25.4"
"2013","OAK","2313","6209","186","767","725","74","9.2%","19.0%",".165",".289",".254",".327",".419",".327","","108","10.0","66.2","-32.4","25.4"
"2004","CHC","2290","6281","235","789","755","66","7.8%","17.2%",".190",".292",".268",".328",".458",".336","","98","-12.0","-26.2","74.9","25.4"
"2019","CHC","2429","6195","256","814","783","45","9.4%","23.6%",".200",".297",".252",".331",".452",".330","","102","-2.2","15.0","45.0","25.3"
"2007","MIL","2330","6238","231","801","774","96","8.0%","18.2%",".194",".289",".262",".329",".456",".337","","100","7.4","7.7","44.1","25.1"
"2016","TOR","2349","6233","221","759","728","54","10.1%","21.9%",".178",".289",".248",".330",".426",".327","","104","-9.0","21.9","8.8","25.1"
"2010","STL","2347","6241","150","736","689","79","8.7%","16.5%",".139",".296",".263",".332",".402",".322","","99","1.8","-6.8","59.6","25.0"
"2010","BOS","2327","6356","211","818","782","68","9.2%","17.9%",".183",".299",".268",".339",".451",".345","","109","-7.2","59.7","-43.4","24.9"
"2016","CLE","2366","6155","185","777","733","134","8.6%","20.2%",".168",".304",".262",".329",".430",".326","","100","15.8","14.1","16.8","24.9"
"2014","DET","2330","6202","155","757","731","106","7.1%","18.4%",".150",".319",".277",".331",".426",".331","","112","-7.3","73.0","-41.9","24.8"
"2004","BOS","2417","6515","222","949","912","68","10.1%","18.3%",".190",".319",".282",".360",".472",".358","","114","-17.1","97.9","-66.6","24.7"
"2019","MIL","2514","6309","250","769","744","101","10.0%","24.8%",".192",".296",".246",".329",".438",".324","","98","5.9","-14.8","64.6","24.7"
"2009","MIL","2321","6296","182","785","757","68","9.7%","19.6%",".164",".305",".263",".341",".426",".336","","103","-9.6","10.2","38.9","24.6"
"2004","HOU","2391","6269","187","803","756","89","9.4%","15.9%",".170",".293",".267",".342",".436",".336","","98","10.0","-7.1","48.7","24.6"
"2008","MIL","2227","6252","198","750","722","108","8.8%","19.2%",".179",".287",".253",".325",".431",".329","","97","8.9","-11.7","58.8","24.6"
"2015","NYM","2325","6145","177","683","654","51","7.9%","21.0%",".156",".287",".244",".312",".400",".309","","98","6.2","-6.8","48.7","24.6"
"2000","ATL","2039","6275","179","810","758","148","9.5%","16.1%",".157",".302",".271",".346",".429",".339","","96","4.6","-33.9","83.2","24.5"
"2008","ATL","2407","6368","130","753","721","58","9.7%","16.1%",".138",".309",".270",".345",".408",".332","","99","-5.8","-12.5","54.2","24.5"
"2017","WSN","2322","6214","215","819","796","108","8.7%","21.4%",".183",".311",".266",".332",".449",".331","","99","11.9","2.4","38.7","24.4"
"2009","BOS","2317","6344","212","872","822","126","10.4%","17.7%",".184",".301",".270",".352",".454",".351","","106","-7.7","40.7","-19.8","24.4"
"2000","CIN","2313","6373","200","825","794","100","8.8%","15.6%",".173",".299",".274",".343",".447",".341","","94","3.3","-46.5","89.9","24.3"
"2006","NYY","2430","6455","210","930","902","139","10.1%","16.3%",".177",".315",".285",".363",".461",".356","","113","7.4","118.9","-91.9","24.2"
"2009","STL","2358","6168","160","730","694","75","8.6%","16.9%",".152",".296",".263",".332",".415",".325","","98","13.4","-1.6","50.0","24.2"
"2002","BOS","2172","6332","177","859","810","80","8.6%","14.9%",".168",".302",".277",".345",".444",".343","","107","-0.4","54.5","-28.8","24.2"
"2018","WSN","2441","6288","191","771","737","119","10.0%","20.5%",".164",".297",".254",".335",".419",".325","","101","8.4","14.5","22.2","24.1"
"2015","PIT","2431","6285","140","697","661","98","7.3%","21.0%",".136",".314",".260",".323",".396",".313","","97","3.5","-17.4","49.6","24.0"
"2008","CLE","2199","6299","171","805","772","77","8.9%","19.3%",".162",".305",".262",".339",".424",".334","","103","0.7","24.6","-2.8","24.0"
"2003","MIN","2269","6324","155","801","755","94","8.1%","16.2%",".154",".312",".277",".341",".431",".335","","102","1.8","19.8","5.4","24.0"
"2012","CIN","2211","6115","172","669","636","87","7.9%","20.7%",".159",".296",".251",".315",".411",".314","","93","13.5","-36.0","78.9","23.9"
"2002","PHI","2260","6323","165","710","676","104","10.1%","17.3%",".163",".294",".259",".339",".422",".331","","101","1.1","5.4","27.8","23.9"
"2011","LAA","2187","6088","155","667","629","135","7.3%","17.8%",".149",".288",".253",".313",".402",".313","","98","-3.8","-14.6","38.0","23.8"
"2010","TOR","2206","6072","257","755","732","58","7.8%","19.2%",".206",".269",".248",".312",".454",".334","","105","-12.3","25.1","-9.9","23.7"
"2002","LAD","2302","6146","155","713","693","96","7.0%","15.3%",".146",".291",".264",".320",".409",".317","","96","-3.5","-36.0","73.4","23.7"
"2012","TBR","2406","6105","175","697","665","134","9.4%","21.7%",".155",".284",".240",".317",".394",".311","","100","-0.7","-1.0","20.8","23.7"
"2001","CLE","1901","6357","212","897","868","79","9.1%","16.9%",".179",".308",".278",".350",".458",".347","","112","-2.4","90.7","-67.4","23.7"
"2012","WSN","2338","6221","194","731","688","105","7.7%","21.3%",".166",".308",".261",".322",".428",".324","","101","-4.1","4.7","33.0","23.7"
"2000","LAD","2057","6312","211","798","756","95","10.6%","17.2%",".174",".283",".257",".341",".431",".337","","99","0.5","-4.5","46.3","23.7"
"2006","ATL","2435","6284","222","849","818","52","8.4%","18.6%",".184",".304",".270",".337",".455",".339","","100","-13.4","-13.1","48.1","23.7"
"2016","HOU","2334","6204","198","724","689","102","8.9%","23.4%",".170",".298",".247",".319",".417",".317","","101","-5.4","2.8","14.6","23.7"
"2010","ATL","2376","6252","139","738","699","63","10.1%","18.2%",".143",".301",".258",".339",".401",".327","","100","-2.1","-2.9","41.9","23.6"
"2018","TBR","2371","6195","150","716","664","128","8.7%","22.4%",".148",".317",".258",".333",".406",".322","","107","-0.3","48.7","-23.7","23.6"
"2010","SDP","2352","6148","132","665","630","124","8.8%","19.2%",".125",".290",".246",".317",".371",".304","","92","9.3","-50.2","91.9","23.6"
"2015","STL","2406","6139","137","647","619","69","8.2%","20.6%",".142",".303",".253",".321",".394",".311","","97","0.9","-21.2","53.8","23.6"
"2001","HOU","2121","6325","208","847","805","64","9.2%","17.7%",".180",".304",".271",".347",".451",".343","","101","-8.8","-1.9","36.1","23.6"
"2010","DET","2274","6312","152","751","717","69","8.7%","18.2%",".147",".311",".268",".335",".415",".330","","102","9.7","23.9","-18.7","23.6"
"2000","NYM","2345","6328","198","807","761","66","10.7%","16.4%",".167",".290",".263",".346",".430",".339","","99","-7.2","-16.2","55.3","23.5"
"2008","TEX","2281","6478","194","901","867","81","9.2%","18.6%",".179",".325",".283",".354",".462",".355","","112","11.1","108.1","-97.3","23.5"
"2004","ANA","2217","6296","162","836","783","143","7.1%","15.0%",".147",".312",".282",".341",".429",".334","","103","2.2","23.8","1.4","23.4"
"2016","NYM","2430","6115","218","671","649","42","8.5%","21.3%",".171",".282",".246",".316",".417",".315","","99","-8.6","-17.7","55.9","23.4"
"2003","FLA","2190","6186","157","751","709","150","8.3%","15.8%",".155",".296",".266",".333",".421",".327","","99","2.8","-7.6","41.8","23.4"
"2012","TEX","2236","6216","200","808","780","91","7.7%","17.7%",".173",".306",".273",".334",".446",".336","","106","-5.8","39.5","-27.3","23.3"
"2008","HOU","2312","6051","167","712","684","114","7.4%","17.4%",".152",".296",".263",".323",".415",".322","","93","0.4","-49.2","89.3","23.3"
"2019","TBR","2459","6285","217","769","730","94","8.6%","23.8%",".178",".306",".254",".325",".431",".321","","103","8.4","30.8","-13.0","23.3"
"2006","STL","2359","6225","184","781","745","59","8.5%","14.8%",".163",".292",".269",".337",".431",".331","","98","5.9","-13.3","46.0","23.3"
"2004","CHW","2245","6197","242","865","823","78","8.1%","16.6%",".189",".288",".268",".333",".457",".340","","101","-1.6","7.3","19.4","23.2"
"2005","CIN","2309","6321","222","820","784","72","9.7%","20.6%",".185",".302",".261",".339",".446",".340","","103","12.9","35.6","-10.3","23.2"
"2019","NYM","2445","6290","242","791","767","56","8.2%","22.0%",".185",".299",".257",".328",".442",".325","","104","-17.0","13.3","21.3","23.1"
"2010","PHI","2277","6291","166","772","736","108","8.9%","16.9%",".153",".292",".260",".332",".413",".327","","99","13.3","5.5","27.4","23.1"
"2011","DET","2309","6231","169","787","750","49","8.4%","18.3%",".157",".318",".277",".340",".434",".337","","109","-15.2","48.5","-36.5","23.1"
"2007","COL","2407","6498","171","860","823","100","9.6%","17.7%",".158",".322",".280",".354",".437",".346","","97","10.1","-19.4","41.6","23.1"
"2002","OAK","2312","6291","205","800","772","46","9.7%","16.0%",".171",".284",".261",".339",".432",".337","","106","10.1","59.2","-42.7","23.1"
"2018","LAA","2467","6108","214","721","690","89","8.4%","21.3%",".171",".277",".242",".313",".413",".313","","98","2.8","-13.8","36.7","23.1"
"2005","OAK","2164","6275","155","772","739","31","8.6%","13.1%",".145",".281",".262",".330",".407",".323","","99","12.0","3.9","13.7","23.0"
"2001","CHW","1906","6151","214","798","770","123","8.5%","16.2%",".183",".290",".268",".334",".451",".337","","104","-1.3","28.4","-7.1","23.0"
"2000","HOU","2303","6444","249","938","900","114","10.4%","17.5%",".199",".305",".278",".361",".477",".361","","105","-0.3","45.4","-10.9","23.0"
"2001","PHI","2083","6219","164","746","708","153","8.9%","18.1%",".154",".297",".260",".329",".414",".321","","92","9.9","-52.1","81.8","22.9"
"2019","ARI","2418","6315","220","813","778","88","8.6%","21.5%",".182",".293",".252",".323",".434",".319","","93","18.3","-37.5","68.5","22.9"
"2013","PIT","2369","6135","161","634","603","94","7.6%","21.7%",".151",".294",".245",".313",".396",".312","","99","1.8","-3.4","30.8","22.8"
"2000","OAK","2066","6432","239","947","908","40","11.7%","18.0%",".188",".300",".270",".360",".458",".356","","109","1.9","80.7","-62.9","22.8"
"2006","MIN","2226","6228","143","801","754","101","7.9%","14.0%",".138",".316",".287",".347",".425",".334","","101","-1.4","5.9","13.5","22.7"
"2017","NYM","2396","6169","224","735","713","58","8.6%","20.9%",".184",".286",".250",".320",".434",".322","","101","-11.3","-7.2","32.1","22.7"
"2013","MIL","2335","6064","157","640","610","142","6.7%","19.5%",".145",".294",".252",".311",".398",".311","","91","-6.9","-66.0","94.0","22.6"
"2013","CLE","2337","6165","171","745","711","117","9.1%","20.8%",".155",".300",".255",".327",".410",".324","","104","11.5","39.3","-29.5","22.6"
"2002","CHW","2208","6208","217","856","819","75","8.9%","15.3%",".181",".287",".268",".338",".449",".342","","105","-1.2","40.1","-26.9","22.5"
"2003","CHW","2277","6148","220","791","766","77","8.4%","14.9%",".182",".279",".263",".331",".446",".336","","101","-5.1","3.1","12.9","22.5"
"2013","CIN","2286","6293","155","698","664","67","9.3%","19.8%",".142",".293",".249",".327",".391",".316","","96","-2.0","-32.9","52.4","22.5"
"2001","TEX","1897","6388","246","890","844","97","8.6%","17.1%",".195",".300",".275",".344",".471",".349","","108","5.2","70.8","-61.8","22.4"
"2009","MIN","2315","6346","172","817","770","85","9.2%","16.1%",".155",".306",".274",".345",".429",".338","","104","15.3","42.9","-41.4","22.4"
"2003","SDP","2384","6246","128","678","641","76","9.0%","17.2%",".127",".301",".261",".333",".388",".318","","95","2.0","-38.3","60.8","22.4"
"2019","STL","2413","6167","210","764","714","116","9.1%","23.0%",".170",".292",".245",".322",".415",".314","","94","14.4","-31.5","61.4","22.3"
"2016","WSN","2302","6201","203","763","735","121","8.6%","20.2%",".170",".293",".256",".326",".426",".322","","96","16.0","-16.4","41.2","22.3"
"2009","ATL","2335","6335","149","735","700","58","9.5%","16.8%",".142",".300",".263",".339",".405",".327","","97","-20.2","-44.2","67.6","22.2"
"2014","TOR","2397","6167","177","723","690","78","8.1%","18.7%",".155",".295",".259",".323",".414",".325","","107","0.0","44.9","-37.0","22.2"
"2002","ARI","2331","6318","165","819","783","92","10.2%","16.1%",".156",".298",".267",".346",".423",".335","","97","1.8","-21.0","36.6","22.1"
"2004","BAL","2278","6431","169","842","803","101","8.2%","14.8%",".150",".309",".281",".345",".432",".337","","103","6.4","31.9","-25.2","22.0"
"2016","STL","2400","6223","225","779","745","35","8.5%","21.2%",".187",".294",".255",".325",".443",".329","","105","-17.1","18.9","2.8","22.0"
"2002","TEX","2389","6332","230","843","806","62","8.7%","16.7%",".187",".292",".269",".338",".455",".343","","103","3.0","26.2","-22.9","21.9"
"2010","TEX","2312","6302","162","787","740","123","8.1%","15.6%",".143",".307",".276",".338",".419",".333","","98","4.5","-7.0","-4.1","21.8"
"2006","DET","2214","6198","203","822","785","60","6.9%","18.3%",".174",".310",".274",".329",".449",".334","","99","-1.6","-12.2","23.4","21.8"
"2001","MIN","1791","6185","164","771","717","146","8.0%","17.5%",".161",".310",".272",".337",".433",".332","","99","-0.2","-5.2","13.0","21.8"
"2015","KCR","2263","6116","139","724","689","104","6.3%","15.9%",".144",".301",".269",".322",".412",".318","","99","-0.3","-8.3","13.8","21.8"
"2010","ARI","2271","6183","180","713","691","86","9.5%","24.7%",".166",".312",".250",".325",".416",".325","","93","-8.3","-62.7","85.8","21.8"
"2012","ARI","2213","6150","165","734","710","93","8.8%","20.6%",".159",".307",".259",".328",".418",".323","","97","-5.6","-30.7","52.0","21.7"
"2004","NYY","2281","6364","242","897","863","84","10.5%","15.4%",".189",".285",".268",".353",".458",".350","","112","-7.1","94.1","-88.1","21.7"
"2007","CLE","2225","6367","178","811","784","72","9.3%","18.9%",".159",".310",".268",".343",".428",".336","","104","0.3","31.9","-29.6","21.7"
"2017","TBR","2345","6147","228","694","671","88","8.9%","25.0%",".178",".296",".245",".317",".422",".316","","99","11.2","1.1","6.5","21.7"
"2004","DET","2255","6285","201","827","800","86","8.2%","18.2%",".177",".308",".272",".337",".449",".339","","106","3.9","49.5","-41.5","21.7"
"2015","TEX","2358","6187","172","751","707","101","8.1%","19.9%",".156",".300",".257",".325",".413",".321","","98","21.6","4.8","-3.0","21.6"
"2007","LAA","2230","6198","123","822","776","139","8.2%","14.2%",".133",".315",".284",".345",".417",".333","","100","3.7","5.3","2.0","21.6"
"2017","SEA","2323","6166","200","750","714","89","7.9%","20.5%",".165",".300",".259",".325",".424",".321","","103","-12.6","7.1","-0.8","21.6"
"2015","ARI","2393","6276","154","720","680","132","7.8%","20.9%",".150",".316",".264",".324",".414",".319","","95","12.5","-23.3","32.6","21.6"
"2012","SDP","2384","6112","121","651","610","155","8.8%","20.3%",".133",".297",".247",".319",".380",".307","","97","13.8","-8.4","29.1","21.6"
"2013","LAA","2311","6260","164","733","696","82","8.4%","19.5%",".150",".307",".264",".329",".414",".325","","109","-9.7","54.8","-58.0","21.6"
"2012","PHI","2294","6172","158","684","659","116","7.4%","17.7%",".144",".290",".255",".317",".400",".311","","93","10.7","-40.8","58.9","21.5"
"2005","CHC","2276","6161","194","703","674","65","6.8%","14.9%",".170",".291",".270",".324",".440",".329","","95","-5.6","-47.3","59.4","21.3"
"2016","SEA","2371","6227","223","768","735","56","8.1%","20.7%",".171",".297",".259",".326",".430",".325","","108","-13.5","44.6","-51.2","21.3"
"2016","MIA","2460","6133","128","655","626","71","7.3%","19.8%",".131",".314",".263",".322",".394",".309","","95","2.4","-40.1","57.4","21.3"
"2008","NYY","2330","6257","180","789","758","118","8.6%","16.2%",".156",".302",".271",".342",".427",".338","","104","-6.7","24.3","-28.4","21.3"
"2006","CLE","2135","6303","196","870","839","55","8.8%","19.1%",".177",".324",".280",".349",".457",".347","","108","-2.9","62.8","-61.4","21.2"
"2001","FLA","2034","6184","166","742","713","89","7.6%","18.5%",".159",".303",".264",".326",".423",".323","","95","0.1","-38.4","52.7","21.2"
"2014","OAK","2358","6245","146","729","686","83","9.4%","17.7%",".137",".278",".244",".320",".381",".312","","102","11.0","27.2","-30.4","21.2"
"2019","PHI","2431","6261","215","774","742","78","9.0%","23.2%",".181",".293",".246",".319",".427",".314","","92","13.8","-56.1","71.3","21.2"
"2007","CHC","2379","6268","151","752","711","86","8.0%","16.8%",".150",".308",".271",".333",".422",".329","","90","-3.9","-87.0","96.6","21.1"
"2016","DET","2295","6127","211","750","719","58","8.0%","21.3%",".171",".312",".267",".331",".438",".330","","106","-16.9","27.0","-31.9","21.1"
"2003","PIT","2346","6315","163","753","711","86","8.4%","16.6%",".153",".302",".267",".338",".420",".331","","97","5.5","-23.5","29.3","21.0"
"2001","ATL","2141","6152","174","729","696","85","8.0%","16.9%",".152",".290",".260",".324",".412",".317","","89","-3.3","-88.9","99.8","20.9"
"2005","DET","2211","6136","168","723","678","66","6.3%","16.9%",".157",".304",".272",".321",".428",".324","","99","5.5","-5.1","5.9","20.9"
"2005","TEX","2193","6301","260","865","834","67","7.9%","17.6%",".201",".290",".267",".329",".468",".344","","106","6.2","49.1","-54.3","20.8"
"2014","MIL","2327","6065","150","650","617","102","7.0%","19.7%",".147",".293",".250",".311",".397",".313","","94","-12.1","-56.2","62.2","20.8"
"2016","BAL","2257","6089","253","744","710","19","7.7%","21.7%",".188",".291",".256",".317",".443",".326","","103","2.5","22.6","-29.8","20.7"
"2007","FLA","2423","6344","201","790","749","105","8.2%","21.0%",".181",".315",".267",".336",".448",".340","","101","3.8","9.4","-6.4","20.7"
"2006","LAD","2384","6394","153","820","787","128","9.4%","15.0%",".157",".307",".276",".348",".432",".337","","101","-4.8","3.4","-2.6","20.7"
"2012","CHW","2277","6111","211","748","726","109","7.5%","19.7%",".167",".289",".255",".318",".422",".322","","98","-7.0","-18.2","8.7","20.7"
"2015","NYY","2401","6268","212","764","737","63","8.8%","19.6%",".170",".283",".251",".323",".421",".323","","103","3.0","25.3","-35.3","20.7"
"2000","NYY","2061","6311","205","871","833","99","10.0%","16.0%",".173",".304",".277",".354",".450",".350","","105","-1.5","37.1","-39.5","20.6"
"2019","CLE","2321","6124","223","769","731","103","9.2%","21.8%",".183",".289",".250",".323",".432",".319","","95","4.3","-35.6","31.9","20.6"
"2001","CHC","2271","6219","194","777","748","67","9.3%","17.3%",".169",".290",".261",".336",".430",".329","","98","-2.6","-21.8","29.3","20.6"
"2005","TBD","2245","6120","157","750","717","151","6.7%","16.2%",".151",".306",".274",".329",".425",".327","","101","10.3","14.9","-16.4","20.6"
"2004","OAK","2217","6459","189","793","752","47","9.4%","16.4%",".163",".300",".270",".343",".433",".337","","102","-5.8","10.7","-20.0","20.6"
"2000","TOR","1871","6326","244","861","826","89","8.3%","16.2%",".194",".297",".275",".341",".469",".350","","101","2.9","9.4","-15.1","20.6"
"2002","ATL","2319","6224","164","708","669","76","9.0%","16.5%",".150",".290",".260",".331",".409",".322","","94","-7.9","-57.8","60.4","20.5"
"2012","DET","2248","6119","163","726","698","59","8.4%","18.0%",".154",".307",".268",".335",".422",".328","","105","-17.8","15.4","-27.2","20.5"
"2010","OAK","2255","6117","109","663","619","156","8.6%","17.3%",".122",".297",".256",".324",".378",".313","","95","17.8","-20.6","1.0","20.3"
"2014","TBR","2352","6205","117","612","586","63","8.5%","18.1%",".120",".287",".247",".317",".367",".305","","97","1.0","-19.9","9.5","20.3"
"2005","SDP","2380","6271","130","684","655","99","9.6%","15.6%",".134",".289",".257",".333",".391",".318","","98","-0.3","-19.8","17.6","20.3"
"2003","TEX","2311","6293","239","826","799","65","7.8%","16.7%",".188",".287",".266",".330",".454",".338","","99","7.8","-1.8","-9.5","20.2"
"2003","ANA","2286","6119","150","736","687","129","7.8%","13.7%",".144",".291",".268",".330",".413",".323","","96","-4.9","-33.0","27.1","20.2"
"2006","FLA","2354","6191","182","758","713","110","8.0%","20.2%",".171",".309",".264",".331",".435",".329","","96","12.6","-18.2","20.0","20.2"
"2012","BOS","2317","6166","165","734","695","97","6.9%","19.4%",".155",".301",".260",".315",".415",".316","","95","2.6","-37.1","20.0","20.1"
"2006","CIN","2335","6296","217","749","718","124","9.8%","18.9%",".175",".290",".257",".336",".432",".332","","94","16.4","-36.5","31.1","19.8"
"2011","KCR","2134","6267","129","730","705","153","7.1%","16.1%",".140",".311",".275",".329",".415",".325","","101","0.7","4.5","-25.3","19.8"
"2018","ARI","2409","6157","176","693","658","79","9.1%","23.7%",".162",".286",".235",".310",".397",".306","","88","7.1","-81.0","79.2","19.8"
"2006","SEA","2259","6213","172","756","703","106","6.5%","15.7%",".153",".300",".272",".325",".424",".322","","95","4.0","-37.6","26.5","19.7"
"2000","DET","1938","6343","177","823","785","83","8.9%","15.5%",".163",".303",".275",".343",".438",".341","","100","-0.1","-0.3","-15.3","19.7"
"2006","HOU","2393","6326","174","735","708","79","9.2%","17.0%",".154",".286",".255",".332",".409",".322","","90","5.7","-82.5","74.7","19.7"
"2017","ARI","2360","6224","220","812","776","103","9.3%","23.4%",".190",".306",".254",".329",".445",".329","","95","12.4","-27.9","21.1","19.7"
"2013","TEX","2321","6196","176","730","691","149","7.5%","17.2%",".150",".294",".262",".323",".412",".323","","97","2.0","-22.5","3.9","19.7"
"2015","TBR","2479","6071","167","644","612","87","7.2%","21.6%",".154",".300",".252",".314",".406",".313","","100","-13.4","-16.2","2.5","19.6"
"2011","LAD","2304","6094","117","644","613","126","8.2%","17.8%",".118",".299",".257",".322",".375",".307","","95","10.2","-24.6","24.3","19.6"
"2005","LAA","2234","6186","147","761","726","161","7.2%","13.7%",".139",".294",".270",".325",".409",".319","","96","3.3","-30.8","17.0","19.6"
"2009","CIN","2314","6187","158","673","637","96","8.6%","18.2%",".147",".282",".247",".318",".394",".313","","84","5.2","-118.5","119.4","19.5"
"2009","TOR","2202","6362","209","798","766","73","8.6%","16.2%",".174",".290",".266",".333",".440",".337","","101","12.2","21.5","-50.0","19.5"
"2006","WSN","2430","6283","164","746","695","123","9.5%","18.4%",".156",".301",".262",".338",".418",".327","","96","3.3","-27.3","18.8","19.5"
"2017","CIN","2321","6213","219","753","715","120","9.1%","21.4%",".179",".294",".253",".329",".433",".325","","95","-5.3","-47.4","38.7","19.5"
"2013","KCR","2236","6093","112","648","620","153","6.9%","17.2%",".119",".300",".260",".315",".379",".305","","89","18.2","-57.4","39.6","19.4"
"2013","ARI","2349","6334","130","685","647","62","8.2%","18.0%",".133",".301",".259",".323",".391",".314","","93","-18.5","-69.4","59.4","19.4"
"2012","OAK","2247","6183","195","713","676","122","8.9%","22.4%",".166",".281",".238",".310",".404",".311","","97","19.4","0.3","-24.4","19.4"
"2005","MIL","2226","6156","175","726","689","79","8.6%","18.9%",".163",".298",".259",".331",".423",".327","","95","-5.2","-44.4","37.3","19.4"
"2008","MIN","2287","6331","111","829","791","102","8.4%","15.5%",".129",".316",".279",".340",".408",".328","","99","12.3","4.7","-30.5","19.3"
"2009","FLA","2394","6312","159","772","727","75","9.0%","19.4%",".148",".316",".268",".340",".416",".332","","97","4.5","-16.7","12.0","19.3"
"2006","CHW","2286","6318","236","868","839","93","7.9%","16.7%",".184",".305",".280",".342",".464",".346","","103","-8.4","14.4","-34.1","19.3"
"2016","LAA","2419","6041","156","717","686","73","7.8%","16.4%",".145",".289",".260",".322",".405",".314","","99","-16.8","-27.4","6.4","19.2"
"2005","TOR","2281","6233","136","775","735","72","7.8%","15.3%",".142",".296",".265",".331",".407",".323","","94","12.3","-33.2","13.6","19.1"
"2002","FLA","2319","6263","146","699","653","177","9.5%","18.0%",".142",".301",".261",".337",".403",".323","","97","5.4","-14.7","1.7","19.1"
"2016","TBR","2281","6046","216","672","647","60","7.4%","24.5%",".182",".293",".243",".307",".426",".315","","98","-0.4","-13.0","-9.0","19.1"
"2015","CLE","2285","6109","141","669","640","86","8.7%","18.9%",".144",".299",".256",".325",".401",".315","","97","8.1","-15.6","-4.5","19.1"
"2008","BAL","2340","6211","172","782","750","81","8.6%","15.9%",".162",".296",".267",".333",".429",".333","","99","-5.1","-17.0","-7.7","19.0"
"2009","TEX","2158","6127","224","784","748","149","7.7%","20.5%",".185",".296",".260",".320",".445",".331","","92","9.1","-49.8","24.6","19.0"
"2011","PHI","2203","6279","153","713","693","96","8.6%","16.3%",".142",".283",".253",".323",".395",".315","","96","3.5","-29.5","17.9","19.0"
"2002","TOR","2236","6230","187","813","771","71","8.4%","18.3%",".169",".295",".261",".327",".430",".329","","97","11.5","-15.5","-7.8","18.9"
"2019","LAA","2425","6251","220","769","734","65","9.4%","20.4%",".175",".281",".247",".324",".422",".316","","97","-6.1","-31.0","4.6","18.9"
"2009","COL","2352","6241","190","804","760","106","10.6%","20.5%",".180",".305",".261",".343",".441",".341","","96","5.3","-29.7","22.8","18.9"
"2005","BAL","2323","6134","189","729","700","83","7.3%","14.7%",".165",".289",".269",".327",".434",".330","","101","-9.5","-0.6","-18.7","18.8"
"2016","PIT","2458","6261","153","729","696","110","9.0%","21.3%",".144",".311",".257",".332",".402",".318","","97","-6.7","-26.5","15.6","18.8"
"2017","LAA","2392","6073","186","710","678","136","8.6%","19.7%",".155",".277",".243",".315",".397",".307","","92","1.4","-61.3","42.6","18.8"
"2014","KCR","2273","6058","95","651","604","153","6.3%","16.3%",".113",".302",".263",".314",".376",".306","","92","4.8","-47.8","28.1","18.8"
"2013","SDP","2359","6122","146","618","578","118","7.6%","21.4%",".133",".294",".245",".308",".378",".302","","94","8.8","-35.4","24.4","18.6"
"2002","HOU","2342","6252","167","749","719","71","9.4%","17.9%",".156",".300",".262",".338",".417",".329","","94","-6.2","-50.9","33.4","18.6"
"2016","COL","2369","6236","204","845","805","66","7.9%","21.3%",".182",".326",".275",".336",".457",".339","","94","1.1","-45.0","32.2","18.5"
"2011","ATL","2322","6169","173","641","606","77","8.2%","20.4%",".144",".284",".243",".308",".387",".306","","91","-4.8","-70.5","57.9","18.5"
"2008","FLA","2361","6206","208","770","741","76","8.7%","22.1%",".179",".300",".254",".326",".433",".330","","96","5.7","-27.5","14.2","18.5"
"2003","TOR","2278","6364","190","894","853","37","8.6%","17.0%",".175",".313",".279",".349",".455",".347","","108","-5.7","56.6","-88.7","18.4"
"2004","TEX","2240","6256","227","860","825","69","8.0%","17.6%",".191",".291",".266",".329",".457",".336","","95","18.0","-25.9","1.3","18.4"
"2006","KCR","2272","6229","124","757","718","65","7.6%","16.7%",".140",".311",".271",".332",".411",".323","","92","3.0","-64.6","37.7","18.3"
"2005","FLA","2296","6214","128","717","678","96","8.2%","14.8%",".137",".304",".272",".339",".409",".326","","98","-7.1","-23.0","2.5","18.2"
"2001","LAD","2084","6169","206","758","714","89","8.4%","17.2%",".170",".279",".255",".323",".425",".322","","97","-0.7","-23.8","9.0","18.2"
"2017","BOS","2334","6338","168","785","735","106","9.0%","19.3%",".149",".300",".258",".329",".407",".316","","91","4.9","-64.0","30.2","18.2"
"2004","FLA","2223","6160","148","718","677","96","8.1%","15.7%",".143",".295",".264",".329",".406",".321","","94","0.5","-51.2","30.1","18.2"
"2011","SFG","2370","6091","121","570","534","85","7.4%","18.4%",".126",".281",".242",".303",".368",".295","","88","-6.5","-87.9","74.2","18.1"
"2005","HOU","2324","6139","161","693","654","115","7.8%","16.9%",".152",".288",".256",".322",".408",".318","","90","-0.1","-77.8","58.5","18.1"
"2005","NYM","2213","6146","175","722","683","153","7.9%","17.5%",".158",".290",".258",".322",".416",".320","","93","21.0","-32.8","13.2","18.1"
"2014","NYY","2288","6082","147","633","591","112","7.4%","18.6%",".135",".282",".245",".307",".380",".305","","94","3.2","-38.5","11.7","18.1"
"2014","STL","2324","6086","105","619","585","57","7.7%","18.6%",".116",".300",".253",".320",".369",".308","","95","-15.5","-49.0","29.9","18.1"
"2018","SEA","2373","6087","176","677","644","79","7.1%","20.1%",".154",".295",".254",".314",".408",".313","","100","-7.0","-8.3","-17.4","18.0"
"2007","STL","2440","6211","141","725","690","56","8.1%","14.6%",".132",".303",".274",".337",".405",".326","","94","-12.7","-61.3","40.6","18.0"
"2005","CHW","2208","6146","200","741","713","137","7.1%","16.3%",".163",".286",".262",".322",".425",".324","","95","-1.9","-42.1","13.8","18.0"
"2015","BOS","2268","6237","161","748","706","71","7.7%","18.4%",".149",".305",".265",".325",".415",".321","","99","1.4","-5.9","-28.9","17.9"
"2015","WSN","2245","6117","177","703","665","57","8.8%","22.0%",".151",".300",".251",".321",".403",".315","","96","-2.3","-29.7","9.4","17.9"
"2014","NYM","2294","6145","125","629","602","101","8.4%","20.6%",".126",".286",".239",".308",".364",".299","","92","-0.4","-56.0","32.6","17.8"
"2001","ANA","1824","6226","158","691","662","116","7.9%","16.1%",".144",".290",".261",".327",".405",".318","","93","0.3","-57.5","22.4","17.8"
"2015","BAL","2249","6007","217","713","686","44","7.0%","22.2%",".171",".291",".250",".307",".421",".315","","97","-4.9","-23.9","-5.9","17.7"
"2001","SDP","2259","6278","161","789","753","129","10.8%","20.3%",".147",".297",".252",".336",".399",".321","","97","6.4","-16.6","-7.1","17.7"
"2007","TBD","2229","6280","187","782","750","131","8.7%","21.1%",".165",".318",".268",".336",".433",".335","","103","8.4","29.5","-66.0","17.6"
"2002","NYM","2389","6150","160","690","650","87","7.9%","17.0%",".139",".289",".256",".322",".395",".314","","91","-6.1","-73.1","49.4","17.6"
"2003","TBD","2223","6212","137","715","678","142","6.8%","16.6%",".139",".301",".265",".320",".404",".314","","90","13.2","-65.7","30.0","17.6"
"2008","LAA","2229","6155","159","765","721","129","7.8%","16.0%",".145",".299",".268",".330",".413",".324","","96","-1.0","-30.9","-6.5","17.6"
"2013","WSN","2241","6047","161","656","621","88","7.7%","19.7%",".146",".292",".251",".313",".398",".311","","94","3.1","-34.7","16.3","17.6"
"2017","OAK","2350","6126","234","739","708","57","9.2%","24.3%",".190",".294",".246",".319",".436",".323","","103","-5.5","19.9","-53.6","17.5"
"2009","ARI","2301","6269","173","720","686","102","9.1%","20.7%",".165",".299",".253",".324",".418",".324","","89","13.1","-75.3","53.6","17.5"
"2005","NYY","2319","6406","229","886","847","84","9.9%","15.4%",".174",".297",".276",".355",".450",".350","","116","-3.4","118.5","-160.9","17.4"
"2015","SEA","2407","6131","198","656","624","69","7.8%","21.8%",".162",".292",".249",".311",".411",".313","","100","-23.1","-20.7","-15.8","17.4"
"2014","BOS","2283","6226","123","634","601","63","8.6%","21.5%",".124",".297",".244",".316",".369",".305","","89","-8.1","-82.9","44.8","17.3"
"2004","SEA","2280","6362","136","698","658","110","7.7%","16.6%",".127",".308",".270",".331",".396",".317","","93","-6.4","-65.3","26.1","17.3"
"2018","PIT","2293","6066","157","692","665","70","7.8%","20.3%",".154",".298",".254",".317",".407",".312","","95","-13.3","-51.7","29.1","17.3"
"2001","NYY","1867","6233","203","804","774","161","8.3%","16.6%",".168",".293",".267",".334",".435",".332","","103","9.3","35.7","-73.8","17.3"
"2017","MIL","2423","6135","224","732","695","128","8.9%","25.6%",".180",".308",".249",".322",".429",".321","","94","2.4","-48.6","20.7","17.3"
"2008","TOR","2244","6191","126","714","681","80","8.4%","15.2%",".135",".295",".264",".331",".399",".322","","94","-10.9","-60.7","19.1","17.3"
"2004","MIN","2318","6286","191","780","735","116","8.2%","15.6%",".166",".290",".266",".332",".431",".330","","97","5.5","-22.3","-15.6","17.2"
"2011","NYM","2383","6335","108","718","676","130","9.0%","17.1%",".127",".307",".264",".335",".391",".319","","102","11.1","25.0","-55.1","17.2"
"2007","OAK","2220","6365","171","741","711","52","10.4%","17.6%",".151",".290",".256",".338",".407",".328","","99","-7.0","-12.1","-32.1","17.2"
"2002","CHC","2294","6242","200","706","676","63","9.4%","20.3%",".167",".283",".246",".321",".413",".320","","93","-7.0","-59.2","27.5","17.1"
"2006","BAL","2295","6240","164","768","727","121","7.6%","14.1%",".146",".302",".277",".339",".424",".331","","96","-4.5","-36.4","-2.7","17.1"
"2015","DET","2340","6159","151","689","660","83","7.4%","20.4%",".150",".322",".270",".328",".420",".324","","103","-27.6","-8.6","-31.6","17.1"
"2015","LAA","2459","5990","176","661","621","52","7.3%","19.2%",".150",".280",".246",".307",".396",".305","","95","0.5","-37.0","2.3","17.1"
"2000","KCR","1875","6394","150","879","831","121","8.0%","13.1%",".138",".312",".288",".348",".425",".338","","89","8.9","-82.8","33.1","17.1"
"2014","COL","2387","6164","186","755","721","85","6.4%","20.8%",".169",".326",".276",".327",".445",".337","","97","-12.3","-33.1","2.2","17.0"
"2006","LAA","2264","6221","159","766","737","148","7.8%","14.7%",".150",".301",".274",".334",".425",".327","","95","11.3","-27.4","-12.1","17.0"
"2013","TOR","2314","6152","185","712","669","112","8.3%","18.3%",".158",".284",".252",".318",".411",".320","","99","3.8","-2.8","-39.1","17.0"
"2007","LAD","2417","6282","129","735","706","137","8.1%","13.8%",".131",".303",".275",".337",".406",".326","","94","18.3","-33.3","-1.5","16.8"
"2008","DET","2267","6331","200","821","780","63","9.0%","17.0%",".173",".301",".271",".340",".444",".343","","106","-6.7","42.3","-93.8","16.8"
"2009","SEA","2150","6113","160","640","613","89","6.9%","17.9%",".144",".293",".258",".314",".402",".313","","89","-4.5","-87.0","40.0","16.8"
"2003","CHC","2285","6187","172","724","691","73","8.0%","18.7%",".157",".297",".259",".323",".416",".321","","91","-9.4","-83.7","50.9","16.8"
"2018","COL","2368","6178","210","780","748","95","8.2%","22.6%",".179",".304",".256",".322",".435",".325","","88","3.2","-85.1","53.2","16.7"
"2008","LAD","2376","6194","137","700","659","126","8.8%","16.7%",".134",".301",".264",".333",".399",".321","","93","5.1","-51.1","20.4","16.7"
"2011","WSN","2341","6090","154","624","594","106","7.7%","21.7%",".140",".292",".242",".309",".383",".305","","89","3.7","-73.4","45.6","16.6"
"2005","WSN","2352","6142","117","639","615","45","8.0%","17.7%",".134",".293",".252",".322",".386",".309","","88","-16.4","-112.9","78.8","16.6"
"2014","MIA","2311","6185","122","645","614","58","8.1%","22.9%",".125",".316",".253",".317",".378",".307","","95","-5.6","-42.4","7.0","16.6"
"2002","CIN","2353","6254","169","709","678","116","9.3%","19.0%",".155",".293",".253",".330",".408",".322","","91","1.2","-73.9","36.4","16.6"
"2009","SFG","2304","6057","122","657","612","78","6.5%","19.1%",".132",".302",".257",".309",".389",".305","","83","10.0","-118.1","94.0","16.6"
"2010","WSN","2410","6100","149","655","634","110","8.2%","20.0%",".140",".294",".250",".318",".390",".313","","90","-11.3","-84.4","59.9","16.6"
"2006","OAK","2197","6281","175","771","735","61","10.3%","15.5%",".152",".285",".260",".340",".412",".328","","97","-16.5","-38.5","-8.1","16.5"
"2013","NYM","2378","6207","130","619","593","114","8.2%","22.3%",".129",".291",".237",".306",".366",".297","","90","23.0","-49.2","16.1","16.5"
"2015","CIN","2337","6196","167","640","613","134","8.0%","20.3%",".146",".290",".248",".312",".394",".307","","91","10.9","-52.1","16.1","16.5"
"2018","CIN","2402","6240","172","696","665","77","9.0%","22.1%",".148",".307",".254",".328",".401",".317","","94","-1.9","-44.8","8.6","16.5"
"2003","COL","2352","6283","198","853","814","63","9.9%","18.0%",".179",".302",".267",".344",".445",".342","","90","1.0","-78.3","39.6","16.5"
"2000","BOS","2051","6371","167","792","755","43","9.6%","16.0%",".156",".297",".267",".341",".423",".334","","92","-4.4","-76.1","21.3","16.4"
"2014","SEA","2333","5977","136","634","600","96","6.6%","20.6%",".132",".290",".244",".300",".376",".299","","94","3.2","-37.5","-1.5","16.4"
"2015","SDP","2396","6019","148","650","623","82","7.1%","22.0%",".142",".292",".243",".300",".385",".298","","90","5.0","-63.2","31.5","16.4"
"2004","TBD","2182","6098","145","714","685","132","7.7%","15.5%",".147",".286",".258",".320",".405",".315","","87","16.1","-82.6","41.6","16.3"
"2007","TOR","2308","6197","165","753","719","57","8.6%","16.8%",".160",".290",".259",".327",".419",".326","","95","-11.3","-47.2","-0.8","16.2"
"2019","SEA","2347","6199","239","758","730","115","9.5%","25.5%",".187",".287",".237",".316",".424",".314","","98","13.4","-1.6","-50.1","16.2"
"2016","TEX","2324","6089","215","765","746","99","7.2%","20.0%",".172",".298",".262",".322",".433",".324","","95","2.0","-37.0","-14.5","16.2"
"2014","MIN","2292","6233","128","715","675","99","8.7%","21.3%",".135",".309",".254",".324",".389",".316","","100","20.9","23.8","-72.6","16.2"
"2006","BOS","2346","6435","192","820","777","51","10.4%","16.4%",".166",".298",".269",".351",".435",".340","","100","-10.3","-13.3","-43.5","16.1"
"2018","MIN","2351","6154","166","738","704","47","8.7%","21.6%",".155",".298",".250",".318",".405",".313","","96","0.6","-30.5","-17.4","16.0"
"2010","FLA","2300","6194","152","719","686","92","8.3%","22.2%",".149",".309",".254",".321",".403",".318","","92","22.5","-36.1","2.7","15.9"
"2006","MIL","2206","6130","180","730","695","71","8.2%","20.1%",".162",".300",".258",".327",".420",".322","","89","-1.5","-87.8","47.7","15.9"
"2012","NYM","2420","6091","139","650","625","79","8.3%","20.5%",".137",".298",".249",".316",".386",".306","","94","-3.2","-48.8","16.1","15.9"
"2006","TEX","2227","6273","183","835","799","53","8.1%","16.9%",".168",".311",".278",".338",".446",".337","","97","-7.4","-31.5","-21.7","15.9"
"2007","SDP","2334","6326","171","741","704","55","8.8%","19.4%",".160",".291",".251",".322",".411",".320","","96","3.3","-30.2","-16.6","15.8"
"2000","CHC","2269","6397","183","764","722","93","9.9%","17.5%",".155",".288",".256",".335",".411",".327","","89","2.4","-95.0","47.8","15.7"
"2010","CHW","2212","6118","177","752","710","160","7.6%","15.1%",".152",".292",".268",".332",".420",".332","","100","-8.1","-7.7","-56.3","15.7"
"2001","TOR","1859","6284","195","767","728","156","7.5%","17.4%",".167",".293",".263",".325",".430",".324","","94","7.0","-38.9","-18.5","15.7"
"2006","SFG","2313","6136","163","746","711","58","8.1%","14.5%",".163",".282",".259",".324",".422",".320","","88","-15.8","-116.2","73.5","15.7"
"2003","BAL","2196","6241","152","743","695","89","6.9%","14.5%",".138",".293",".268",".323",".405",".318","","94","11.0","-35.3","-21.2","15.6"
"2016","ARI","2399","6260","190","752","709","137","7.4%","22.8%",".171",".315",".261",".320",".432",".321","","93","17.7","-39.9","-2.0","15.6"
"2000","ARI","2103","6241","179","792","756","97","8.6%","15.6%",".164",".290",".265",".333",".429",".332","","88","-0.1","-102.7","59.2","15.6"
"2017","ATL","2374","6216","165","732","706","77","7.6%","19.0%",".150",".305",".263",".326",".412",".316","","89","4.3","-82.5","35.0","15.6"
"2011","TOR","2265","6210","186","743","704","131","8.5%","19.1%",".164",".283",".249",".317",".413",".319","","97","12.1","-11.6","-46.8","15.6"
"2004","CIN","2361","6278","194","750","713","77","9.5%","21.3%",".168",".295",".250",".331",".418",".326","","92","-9.3","-77.5","25.6","15.6"
"2009","SDP","2348","6179","141","638","605","82","9.5%","19.1%",".138",".284",".242",".321",".381",".309","","93","-10.4","-67.1","28.9","15.5"
"2007","CIN","2383","6332","204","783","747","97","8.5%","17.6%",".170",".298",".267",".335",".436",".335","","94","-7.2","-58.3","8.4","15.5"
"2016","NYY","2308","6058","183","680","647","72","7.8%","19.6%",".153",".289",".252",".314",".405",".311","","92","10.6","-49.7","-7.3","15.5"
"2000","COL","2221","6453","161","968","905","131","9.3%","14.1%",".161",".322",".294",".362",".455",".353","","82","-1.0","-155.8","100.6","15.5"
"2008","CHW","2298","6231","235","811","785","67","8.7%","16.3%",".185",".281",".263",".332",".448",".339","","101","-27.4","-17.7","-43.6","15.5"
"2014","CHC","2358","6102","157","614","590","65","7.2%","24.2%",".146",".296",".239",".300",".385",".303","","91","4.0","-59.5","15.2","15.4"
"2015","MIA","2297","5988","120","613","575","112","6.3%","19.2%",".124",".307",".260",".310",".384",".302","","91","-1.2","-67.3","26.9","15.3"
"2007","SEA","2338","6209","153","794","754","81","6.3%","13.9%",".138",".313",".287",".337",".425",".333","","103","-9.6","10.7","-68.4","15.3"
"2000","SDP","2169","6291","157","752","714","131","9.6%","18.7%",".148",".294",".254",".330",".402",".321","","91","2.6","-77.5","30.9","15.3"
"2000","BAL","1901","6238","184","794","750","126","8.9%","14.4%",".163",".293",".272",".341",".435",".338","","98","-3.9","-19.0","-38.4","15.3"
"2007","TEX","2313","6214","179","816","768","88","8.1%","19.7%",".163",".305",".263",".328",".426",".329","","94","12.6","-33.4","-26.5","15.1"
"2009","WSN","2401","6273","156","710","685","73","9.8%","19.3%",".148",".302",".258",".337",".406",".327","","96","-5.7","-37.9","-7.6","15.1"
"2010","NYM","2348","6144","128","656","625","130","8.2%","17.8%",".134",".287",".249",".314",".383",".307","","89","10.6","-70.9","30.6","15.1"
"2007","BAL","2348","6264","142","756","718","144","8.0%","15.0%",".141",".302",".272",".333",".412",".327","","95","-9.0","-45.2","-17.2","15.1"
"2009","DET","2350","6234","183","743","718","72","8.7%","17.9%",".156",".294",".260",".331",".416",".328","","94","0.4","-48.5","-19.9","15.0"
"2011","SDP","2355","6074","91","593","563","170","8.2%","21.7%",".112",".294",".237",".305",".349",".290","","86","18.2","-77.2","34.3","15.0"
"2016","CHW","2217","6131","168","686","656","77","7.4%","21.0%",".153",".304",".257",".317",".410",".314","","97","-2.5","-27.2","-38.0","15.0"
"2014","CIN","2213","5978","131","595","562","122","6.9%","20.9%",".127",".284",".238",".296",".365",".294","","83","-1.2","-115.4","69.1","14.7"
"2018","NYM","2333","6177","170","676","649","71","9.2%","22.7%",".154",".283",".234",".312",".389",".305","","94","2.6","-43.1","-8.3","14.7"
"2008","OAK","2282","6138","125","646","610","88","9.4%","20.0%",".127",".289",".242",".318",".369",".306","","86","12.4","-92.7","27.1","14.7"
"2012","BAL","2282","6160","214","712","677","58","7.8%","21.3%",".170",".286",".247",".311",".417",".317","","96","-17.1","-44.0","-24.7","14.6"
"2009","OAK","2306","6247","135","759","723","133","8.4%","16.7%",".135",".298",".262",".328",".397",".320","","94","12.8","-38.0","-34.9","14.6"
"2013","NYY","2253","6044","144","650","614","115","7.7%","20.1%",".133",".285",".242",".307",".376",".301","","86","4.4","-89.2","28.1","14.6"
"2009","CLE","2188","6320","161","773","730","84","9.2%","19.2%",".153",".308",".264",".339",".417",".333","","100","-1.1","-0.7","-75.7","14.5"
"2000","FLA","2213","6203","160","731","691","168","8.7%","19.1%",".147",".304",".262",".331",".409",".324","","89","9.1","-82.0","30.1","14.5"
"2009","CHC","2343","6244","161","707","678","56","9.5%","19.0%",".152",".296",".255",".332",".407",".324","","90","-13.2","-89.3","39.0","14.5"
"2001","MIL","2303","6148","209","740","712","66","7.9%","22.8%",".175",".299",".251",".319",".426",".320","","90","-2.7","-85.2","31.8","14.5"
"2011","CHC","2373","6130","148","654","610","69","6.9%","19.6%",".144",".301",".256",".314",".401",".314","","91","-17.7","-80.2","29.5","14.3"
"2012","TOR","2289","6094","198","716","677","123","7.8%","20.5%",".161",".281",".245",".309",".407",".311","","92","2.5","-55.8","-14.0","14.3"
"2007","KCR","2294","6140","102","706","660","78","7.0%","17.4%",".126",".305",".261",".322",".388",".312","","85","-1.6","-121.2","55.1","14.3"
"2017","DET","2336","6150","187","735","699","65","8.2%","21.3%",".166",".306",".258",".324",".424",".321","","98","-19.8","-37.8","-29.4","14.2"
"2001","BOS","2035","6264","198","772","739","46","8.3%","18.1%",".173",".300",".266",".334",".439",".332","","100","-6.3","-3.8","-67.4","14.2"
"2013","CHC","2294","6079","172","602","576","63","7.2%","20.2%",".154",".275",".238",".300",".392",".304","","90","-11.9","-78.3","27.3","14.1"
"2004","COL","2351","6333","202","833","795","44","9.0%","18.6%",".180",".314",".275",".345",".455",".344","","93","-4.9","-64.7","-3.7","14.1"
"2014","CLE","2391","6222","142","669","644","104","8.1%","19.1%",".136",".296",".253",".317",".389",".313","","98","9.9","-1.7","-65.6","14.1"
"2010","LAA","2236","6089","155","681","656","104","7.7%","17.6%",".142",".281",".248",".311",".390",".310","","94","-8.8","-54.2","-24.1","14.1"
"2017","CHW","2289","6059","186","706","670","71","6.6%","23.1%",".161",".309",".256",".314",".417",".313","","95","-1.9","-36.4","-29.2","14.1"
"2007","MIN","2259","6161","118","718","671","112","8.3%","13.6%",".127",".291",".264",".330",".391",".317","","91","2.6","-68.7","-0.4","14.1"
"2008","SDP","2343","6244","154","637","615","36","8.3%","20.2%",".140",".294",".250",".317",".390",".311","","92","-4.2","-63.7","2.6","13.8"
"2008","CIN","2392","6188","187","704","677","85","9.0%","18.2%",".161",".278",".247",".321",".408",".319","","87","1.1","-103.2","43.7","13.8"
"2012","LAD","2356","6091","116","637","607","104","7.9%","19.0%",".122",".298",".252",".317",".374",".302","","90","-8.6","-81.9","28.9","13.8"
"2010","CHC","2307","6140","149","685","658","55","7.8%","20.1%",".145",".304",".257",".320",".401",".318","","90","-10.3","-81.7","29.0","13.8"
"2003","CLE","2241","6188","158","699","660","86","7.5%","17.2%",".148",".286",".254",".316",".401",".313","","90","-7.5","-83.9","10.1","13.8"
"2017","COL","2374","6201","192","824","793","59","8.4%","22.7%",".171",".332",".273",".338",".444",".332","","88","-6.4","-105.8","39.9","13.7"
"2006","CHC","2399","6147","166","716","677","121","6.4%","15.1%",".154",".294",".268",".319",".422",".320","","84","-1.0","-128.9","65.3","13.7"
"2011","FLA","2348","6232","149","625","596","95","8.7%","20.0%",".142",".291",".247",".318",".388",".311","","92","2.1","-56.1","-3.7","13.7"
"2014","HOU","2229","6055","163","629","596","122","8.2%","23.8%",".141",".298",".242",".309",".383",".308","","98","3.6","-8.1","-57.9","13.7"
"2013","COL","2330","6152","159","706","673","112","6.9%","19.6%",".149",".317",".270",".323",".418",".324","","87","17.4","-72.7","15.1","13.7"
"2005","SEA","2258","6095","130","699","657","102","7.6%","16.2%",".136",".289",".256",".317",".391",".309","","90","7.1","-66.3","-3.2","13.7"
"2005","LAD","2351","6134","149","685","653","58","8.8%","17.8%",".142",".290",".253",".326",".395",".317","","91","-21.4","-93.4","29.0","13.6"
"2002","BAL","2217","6096","165","667","636","110","7.4%","16.3%",".157",".271",".246",".309",".403",".311","","90","-1.2","-77.5","5.0","13.5"
"2006","COL","2306","6348","157","813","761","85","8.8%","17.5%",".163",".310",".270",".341",".433",".333","","87","-2.7","-111.8","39.3","13.5"
"2019","SDP","2413","6019","219","682","652","70","8.4%","26.3%",".172",".293",".238",".308",".410",".305","","88","-11.1","-108.7","52.5","13.5"
"2010","COL","2379","6265","173","770","741","99","9.3%","20.3%",".162",".310",".263",".336",".425",".333","","91","9.3","-62.0","2.5","13.5"
"2005","PIT","2289","6221","139","680","656","73","7.6%","17.6%",".141",".297",".259",".322",".400",".315","","89","-5.0","-91.3","22.8","13.4"
"2011","HOU","2377","6150","95","615","579","118","6.5%","18.9%",".116",".308",".258",".311",".374",".301","","88","-0.6","-89.1","28.3","13.3"
"2014","CHW","2285","6077","155","660","625","85","6.9%","22.4%",".146",".306",".253",".310",".398",".312","","99","-13.1","-23.5","-46.4","13.3"
"2010","LAD","2310","6140","120","667","621","92","8.7%","19.3%",".127",".299",".252",".322",".379",".309","","92","1.3","-60.6","3.4","13.3"
"2002","MON","2262","6250","162","735","695","118","9.2%","17.7%",".157",".298",".261",".334",".418",".326","","93","-0.3","-58.5","-12.7","13.2"
"2007","WSN","2528","6201","123","673","646","69","8.5%","18.2%",".134",".300",".256",".325",".390",".315","","88","-10.8","-108.6","39.1","13.2"
"2018","TOR","2435","6076","217","709","680","47","8.2%","22.8%",".183",".286",".244",".312",".427",".319","","101","-27.1","-22.5","-49.7","13.2"
"2005","MIN","2235","6192","134","688","644","102","7.8%","15.8%",".132",".291",".259",".323",".391",".312","","89","-14.5","-96.1","18.6","13.2"
"2002","SDP","2372","6178","136","662","627","71","8.9%","17.2%",".129",".288",".253",".321",".381",".309","","91","-12.4","-81.8","12.0","13.1"
"2014","ARI","2274","6089","118","615","573","86","6.5%","19.1%",".127",".293",".248",".302",".376",".300","","83","1.5","-112.8","47.5","13.0"
"2005","SFG","2360","6077","128","649","617","71","7.1%","14.8%",".135",".290",".261",".319",".396",".312","","86","-13.9","-121.6","53.0","13.0"
"2014","ATL","2252","6064","123","573","545","95","7.8%","22.6%",".119",".298",".241",".305",".360",".296","","86","-4.4","-98.9","32.7","12.8"
"2009","NYM","2377","6159","95","671","631","122","8.5%","15.1%",".124",".307",".270",".335",".394",".320","","94","-5.4","-48.2","-16.8","12.8"
"2012","KCR","2249","6149","131","676","643","132","6.6%","16.8%",".135",".302",".265",".317",".400",".311","","94","-7.4","-50.8","-35.7","12.7"
"2009","HOU","2340","6040","142","643","616","113","7.4%","16.4%",".140",".293",".260",".319",".400",".315","","89","-18.0","-99.0","37.0","12.7"
"2002","PIT","2343","6049","142","641","610","86","8.9%","18.3%",".137",".281",".244",".319",".381",".308","","84","7.9","-113.0","43.3","12.7"
"2003","OAK","2197","6189","176","768","742","48","9.0%","14.5%",".162",".273",".254",".327",".417",".322","","95","5.2","-35.5","-49.1","12.7"
"2004","TOR","2194","6178","145","719","680","58","8.3%","17.5%",".143",".298",".260",".328",".403",".320","","88","-9.3","-107.0","26.4","12.7"
"2016","MIL","2342","6061","194","671","641","181","9.9%","25.5%",".163",".304",".244",".322",".407",".315","","92","5.2","-55.2","-9.3","12.7"
"2015","MIL","2377","6024","145","655","624","84","6.8%","21.6%",".142",".303",".251",".307",".393",".304","","87","1.5","-87.9","20.7","12.6"
"2012","MIN","2271","6209","131","701","666","135","8.1%","17.2%",".130",".298",".260",".325",".390",".313","","95","0.7","-32.5","-57.5","12.6"
"2003","KCR","2217","6239","162","836","781","120","7.6%","14.8%",".153",".301",".274",".336",".427",".332","","95","7.3","-30.2","-57.8","12.5"
"2018","PHI","2474","6136","186","677","653","69","9.5%","24.8%",".158",".289",".234",".314",".393",".307","","91","2.9","-68.5","-3.1","12.5"
"2007","PIT","2304","6214","148","724","694","68","7.5%","18.3%",".149",".303",".263",".325",".411",".322","","90","-10.4","-94.0","16.8","12.5"
"2005","ARI","2370","6327","191","696","670","67","9.6%","17.3%",".165",".285",".256",".332",".421",".328","","91","1.3","-71.2","-10.7","12.4"
"2007","HOU","2409","6324","167","723","700","65","8.6%","16.5%",".152",".291",".260",".330",".412",".325","","92","-17.9","-86.6","5.3","12.4"
"2016","MIN","2290","6245","200","722","690","91","8.2%","22.8%",".171",".300",".251",".316",".421",".317","","95","7.8","-28.5","-65.9","12.4"
"2011","BAL","2262","6156","191","708","684","81","7.3%","18.2%",".156",".288",".257",".316",".413",".320","","96","-11.3","-39.1","-48.9","12.3"
"2001","NYM","2263","6156","147","642","608","66","8.9%","17.3%",".137",".283",".249",".323",".387",".309","","87","-7.9","-115.3","37.9","12.2"
"2015","MIN","2311","6017","156","696","661","70","7.3%","21.0%",".152",".292",".247",".305",".399",".305","","89","-5.5","-80.4","-2.1","12.1"
"2016","CIN","2287","6094","164","716","678","139","7.4%","21.1%",".152",".303",".256",".316",".408",".311","","89","-4.3","-89.9","18.6","12.1"
"2000","PHI","1954","6273","144","708","668","102","9.7%","17.8%",".148",".290",".251",".329",".400",".320","","83","7.3","-137.5","51.5","11.8"
"2016","KCR","2244","6052","147","675","640","121","6.3%","20.2%",".139",".309",".261",".312",".400",".307","","89","-4.3","-83.9","-9.8","11.8"
"2000","MIL","2207","6355","177","740","708","72","9.8%","19.6%",".158",".284",".246",".325",".403",".319","","82","-5.1","-157.3","67.0","11.7"
"2011","COL","2348","6275","163","735","697","118","8.8%","19.1%",".152",".300",".258",".329",".410",".324","","88","-1.8","-92.6","12.7","11.7"
"2014","SDP","2362","5905","109","535","500","91","7.9%","21.9%",".115",".277",".226",".292",".342",".283","","82","-6.2","-128.7","56.9","11.7"
"2011","CHW","2206","6159","154","654","625","81","7.7%","16.1%",".136",".280",".252",".319",".388",".312","","90","-9.9","-80.0","-13.9","11.7"
"2009","BAL","2281","6233","160","741","708","76","8.3%","16.3%",".147",".300",".268",".332",".415",".328","","93","-20.1","-74.3","-28.1","11.6"
"2014","TEX","2264","6026","111","637","597","105","6.9%","19.3%",".119",".305",".256",".314",".375",".305","","90","-1.8","-66.8","-17.0","11.6"
"2014","PHI","2282","6198","125","619","584","109","7.1%","21.1%",".121",".292",".242",".302",".363",".295","","86","10.6","-85.5","4.2","11.6"
"2018","KCR","2184","6063","155","638","606","117","7.0%","21.6%",".146",".293",".245",".305",".392",".303","","87","-7.4","-98.8","11.6","11.6"
"2002","TBD","2007","6198","133","673","640","102","7.4%","18.0%",".137",".293",".253",".314",".390",".309","","87","6.6","-95.0","-0.9","11.5"
"2019","TOR","2354","6091","247","726","697","51","8.4%","24.9%",".192",".280",".236",".305",".428",".310","","92","-7.0","-71.4","-25.7","11.4"
"2018","TEX","2300","6163","194","737","696","74","9.0%","24.1%",".164",".292",".240",".318",".404",".315","","89","7.2","-77.4","-15.1","11.4"
"2015","OAK","2349","6171","146","694","661","78","7.7%","18.1%",".144",".288",".251",".312",".395",".308","","95","-1.0","-34.1","-60.7","11.3"
"2001","KCR","1837","6176","152","729","691","100","6.6%","14.5%",".143",".291",".266",".318",".409",".314","","82","1.5","-135.4","35.8","11.3"
"2017","BAL","2351","6140","232","743","713","32","6.4%","23.0%",".175",".306",".260",".312",".435",".318","","95","-14.9","-51.3","-44.9","11.3"
"2004","NYM","2390","6209","185","684","658","107","8.2%","18.7%",".160",".282",".249",".317",".409",".314","","88","-2.0","-101.6","8.5","11.3"
"2012","CHC","2341","5967","137","613","570","94","7.5%","20.7%",".138",".286",".240",".302",".378",".297","","81","-6.0","-138.9","65.7","11.3"
"2001","DET","1841","6145","139","724","691","133","7.6%","15.8%",".150",".291",".260",".320",".409",".316","","94","-0.2","-45.2","-52.0","11.3"
"2017","KCR","2342","6027","193","702","660","91","6.5%","19.3%",".160",".295",".259",".311",".420",".312","","91","2.5","-65.6","-28.5","11.1"
"2016","SDP","2355","6000","177","686","654","125","7.5%","25.0%",".155",".291",".235",".299",".390",".297","","84","24.8","-92.3","14.0","11.1"
"2019","CIN","2462","6100","227","701","679","80","8.1%","23.5%",".178",".288",".244",".315",".422",".312","","87","-16.7","-118.5","34.5","11.0"
"2010","CLE","2255","6165","128","646","601","91","8.8%","19.2%",".130",".293",".248",".322",".378",".311","","94","1.3","-40.7","-70.3","11.0"
"2006","ARI","2282","6330","160","773","743","76","8.0%","15.2%",".157",".294",".267",".331",".424",".326","","87","-6.6","-112.3","12.3","10.8"
"2013","MIN","2332","6212","151","614","590","52","8.6%","23.0%",".138",".298",".242",".312",".380",".307","","91","1.2","-66.1","-35.4","10.8"
"2017","TOR","2455","6154","222","693","661","53","8.8%","21.6%",".172",".276",".240",".312",".412",".312","","93","-15.8","-72.6","-30.2","10.7"
"2012","MIA","2269","6057","137","609","576","149","8.0%","20.3%",".138",".289",".244",".308",".382",".300","","87","2.5","-92.9","10.9","10.6"
"2017","SFG","2372","6137","128","639","612","76","7.6%","19.6%",".132",".294",".249",".309",".380",".296","","83","2.6","-134.1","38.5","10.6"
"2000","PIT","2202","6369","168","793","749","86","8.9%","16.2%",".157",".299",".267",".339",".424",".333","","91","-0.4","-82.5","-14.3","10.6"
"2007","SFG","2371","6213","131","683","641","119","8.6%","14.6%",".133",".281",".254",".322",".387",".310","","81","-4.7","-158.1","60.6","10.5"
"2019","COL","2452","6288","224","835","803","71","7.8%","23.9%",".190",".321",".265",".326",".456",".328","","86","1.6","-112.3","16.8","10.5"
"2018","MIA","2434","6083","128","589","554","45","7.5%","22.8%",".119",".293",".237",".303",".357",".289","","83","-15.8","-138.9","49.3","10.5"
"2009","PIT","2195","6058","125","636","612","90","8.2%","18.9%",".135",".296",".252",".318",".387",".310","","86","-6.2","-113.0","27.8","10.5"
"2017","PHI","2308","6133","174","690","654","59","8.1%","23.1%",".159",".304",".250",".315",".409",".310","","87","-9.5","-109.5","13.1","10.5"
"2019","PIT","2441","6228","163","758","722","64","6.8%","19.5%",".156",".309",".265",".321",".420",".313","","92","-4.6","-72.3","-22.1","10.4"
"2019","CHW","2311","6042","182","708","676","63","6.3%","25.6%",".153",".329",".261",".314",".414",".309","","92","5.3","-53.9","-52.2","10.4"
"2002","CLE","2236","6099","192","739","706","52","8.9%","16.4%",".163",".271",".249",".321",".412",".320","","95","-12.3","-53.6","-50.4","10.4"
"2012","COL","2429","6183","166","758","716","100","7.3%","19.6%",".163",".321",".274",".330",".436",".331","","90","2.8","-73.8","-14.7","10.3"
"2005","COL","2302","6240","150","741","704","65","8.2%","17.7%",".144",".307",".267",".333",".411",".325","","85","-10.7","-130.7","30.5","10.3"
"2003","CIN","2334","6211","182","694","669","80","8.4%","21.3%",".150",".289",".245",".318",".395",".312","","84","10.4","-120.8","21.8","10.3"
"2008","SFG","2382","6145","94","640","606","108","7.4%","17.0%",".120",".305",".262",".321",".382",".309","","83","-15.4","-149.4","55.9","10.3"
"2006","TBD","2247","6041","190","689","650","134","7.3%","18.3%",".165",".285",".255",".314",".420",".316","","89","1.9","-84.4","-19.0","10.3"
"2003","LAD","2292","6036","124","574","544","80","6.7%","16.3%",".125",".275",".243",".303",".368",".294","","78","-10.2","-178.7","84.4","10.2"
"2012","PIT","2360","6014","170","651","620","73","7.4%","22.5%",".152",".291",".243",".304",".395",".304","","91","-0.3","-67.8","-17.0","10.2"
"2000","TEX","1874","6364","173","848","806","69","9.1%","14.5%",".163",".310",".283",".352",".446",".347","","97","-7.0","-37.4","-76.8","10.2"
"2017","TEX","2268","6122","237","799","756","113","8.9%","24.4%",".186",".291",".244",".320",".430",".321","","90","6.3","-70.2","-37.6","10.1"
"2017","PIT","2371","6136","151","668","635","67","8.5%","19.8%",".142",".286",".244",".318",".386",".304","","85","-2.2","-120.0","19.3","10.0"
"2007","ARI","2305","6101","171","712","687","109","8.7%","18.2%",".163",".282",".250",".321",".413",".320","","82","8.8","-132.9","34.1","10.0"
"2013","SEA","2237","6172","188","624","597","49","8.6%","21.9%",".152",".279",".237",".306",".390",".307","","95","-6.9","-41.1","-66.7","10.0"
"2002","MIL","2329","6083","139","627","597","94","8.2%","18.5%",".137",".294",".253",".320",".390",".312","","86","-26.4","-131.8","33.0","9.9"
"2015","ATL","2340","6034","100","573","548","69","7.8%","18.3%",".108",".297",".251",".314",".359",".296","","84","-2.7","-115.5","22.4","9.9"
"2010","KCR","2190","6209","121","676","640","115","7.6%","14.6%",".126",".305",".274",".331",".399",".323","","98","-28.4","-42.1","-81.2","9.9"
"2004","MIL","2255","6195","135","634","601","138","8.7%","21.2%",".139",".300",".248",".321",".387",".309","","82","1.8","-144.7","36.7","9.8"
"2016","ATL","2390","6192","122","649","615","75","8.1%","20.0%",".130",".305",".255",".321",".384",".304","","86","-6.1","-110.8","13.7","9.8"
"2015","COL","2436","6071","186","737","702","97","6.4%","21.1%",".167",".313",".265",".315",".432",".321","","87","4.7","-91.9","-4.2","9.7"
"2002","COL","2393","6165","152","778","726","103","8.1%","16.9%",".149",".311",".274",".337",".423",".331","","82","-0.4","-138.4","34.1","9.6"
"2003","MON","2275","6116","144","711","682","100","8.5%","16.2%",".143",".290",".258",".326",".401",".316","","85","-4.6","-124.7","21.3","9.6"
"2003","MIL","2293","6270","196","714","685","99","8.7%","19.5%",".163",".294",".256",".329",".419",".325","","93","-27.1","-81.9","-26.6","9.6"
"2010","BAL","2240","6109","133","613","577","76","6.9%","17.3%",".127",".296",".259",".316",".386",".310","","87","-21.0","-111.8","-11.0","9.6"
"2008","ARI","2280","6156","159","720","683","58","9.5%","20.9%",".164",".299",".251",".327",".415",".324","","88","12.1","-83.9","-17.2","9.5"
"2016","PHI","2348","5992","161","610","575","96","7.1%","23.0%",".144",".292",".240",".301",".385",".296","","81","0.9","-137.5","43.2","9.4"
"2001","CIN","2338","6222","176","735","690","103","7.5%","18.8%",".157",".301",".262",".324",".419",".321","","88","-3.1","-100.1","-7.2","9.3"
"2001","BAL","1839","6151","136","687","663","133","8.4%","16.1%",".131",".278",".248",".319",".380",".306","","88","3.3","-91.5","-26.6","9.3"
"2011","CLE","2287","6142","154","704","671","89","8.0%","20.7%",".146",".297",".250",".317",".396",".314","","99","0.4","-8.5","-107.2","9.3"
"2019","TEX","2273","6204","223","810","765","131","8.6%","25.4%",".183",".304",".248",".319",".431",".317","","88","12.0","-86.8","-37.5","9.2"
"2019","SFG","2493","6170","167","678","655","47","7.7%","23.3%",".153",".290",".239",".302",".392",".295","","82","-3.4","-151.4","46.1","9.2"
"2019","KCR","2269","6080","162","691","655","117","7.5%","23.1%",".154",".301",".247",".309",".401",".302","","84","-1.7","-126.1","5.4","9.1"
"2012","SEA","2236","6057","149","619","584","104","7.7%","20.8%",".135",".276",".234",".296",".369",".291","","87","0.1","-89.6","-30.3","8.9"
"2013","PHI","2310","6014","140","610","578","73","6.9%","20.0%",".135",".293",".248",".306",".384",".303","","89","-7.4","-81.9","-15.8","8.9"
"2015","PHI","2321","6053","130","626","586","88","6.4%","21.0%",".133",".299",".249",".303",".382",".298","","86","-1.9","-100.3","-3.9","8.8"
"2015","CHW","2265","6070","136","622","595","68","6.7%","20.3%",".130",".296",".250",".306",".380",".300","","89","-15.2","-94.3","-21.6","8.8"
"2009","CHW","2241","6132","184","724","695","113","8.7%","16.7%",".153",".285",".258",".329",".411",".326","","91","-13.0","-84.0","-45.1","8.6"
"2008","WSN","2397","6192","117","641","608","81","8.6%","17.7%",".122",".292",".251",".323",".373",".310","","84","-16.8","-145.4","32.7","8.5"
"2000","MON","2328","6153","178","738","705","58","7.7%","17.0%",".165",".299",".266",".326",".432",".327","","87","-9.8","-116.7","1.2","8.3"
"2012","CLE","2339","6195","136","667","635","110","9.0%","17.5%",".131",".288",".251",".324",".381",".310","","97","-13.6","-37.7","-93.2","8.2"
"2018","CHW","2348","6071","182","656","639","98","7.0%","26.3%",".160",".304",".241",".302",".401",".304","","92","-7.2","-67.5","-52.9","8.2"
"2018","SDP","2380","6059","162","617","583","95","7.8%","25.1%",".145",".294",".235",".297",".380",".294","","84","-5.7","-122.0","10.0","8.1"
"2008","COL","2310","6312","160","747","714","141","9.0%","19.2%",".152",".308",".263",".336",".415",".330","","88","15.2","-80.7","-40.3","8.1"
"2004","PIT","2330","6115","142","680","648","63","6.8%","17.4%",".141",".298",".260",".321",".401",".314","","85","-8.6","-128.7","2.5","7.8"
"2003","ARI","2319","6261","152","717","696","76","8.5%","16.1%",".153",".295",".263",".330",".417",".323","","86","-10.8","-119.9","-6.9","7.7"
"2006","PIT","2325","6218","141","691","656","68","7.4%","19.3%",".134",".310",".263",".327",".397",".315","","86","-2.2","-115.0","-13.0","7.7"
"2019","BAL","2386","6189","213","729","698","84","7.5%","23.2%",".168",".293",".246",".310",".415",".308","","90","2.0","-76.3","-63.8","7.6"
"2008","SEA","2296","6176","124","671","631","90","6.8%","14.4%",".124",".294",".265",".318",".389",".310","","90","-8.9","-86.1","-52.4","7.6"
"2011","OAK","2229","6104","114","645","612","117","8.3%","17.9%",".125",".283",".244",".311",".369",".301","","89","-6.5","-82.2","-49.5","7.5"
"2000","TBD","1887","6206","162","733","692","90","9.0%","16.5%",".142",".287",".257",".329",".399",".321","","83","-2.4","-141.8","-2.5","7.4"
"2008","KCR","2250","6118","120","691","650","79","6.4%","16.4%",".128",".307",".269",".320",".397",".315","","87","-9.5","-109.1","-29.6","7.4"
"2002","KCR","2248","6206","140","737","695","140","8.4%","14.8%",".143",".282",".256",".323",".398",".316","","85","10.9","-104.1","-35.1","7.2"
"2017","SDP","2342","5954","189","604","576","89","7.7%","25.2%",".160",".287",".234",".299",".393",".298","","82","6.7","-132.7","7.4","7.0"
"2011","PIT","2444","6064","107","610","580","108","8.1%","21.6%",".123",".301",".244",".309",".368",".299","","88","-15.2","-103.1","-17.8","6.7"
"2001","PIT","2199","6027","161","657","618","93","7.7%","18.4%",".146",".281",".247",".313",".393",".306","","80","-13.3","-167.4","38.4","6.7"
"2001","TBD","1750","6104","121","672","645","115","7.5%","18.3%",".130",".303",".258",".320",".388",".309","","86","0.1","-105.1","-41.0","6.4"
"2008","PIT","2340","6278","153","735","705","57","7.6%","16.5%",".145",".290",".258",".320",".403",".317","","89","0.1","-89.2","-48.6","6.3"
"2018","SFG","2412","6113","133","603","573","77","7.3%","24.0%",".129",".299",".239",".300",".368",".290","","82","-2.9","-140.4","7.9","6.2"
"2018","DET","2323","6029","135","630","597","70","7.1%","22.2%",".138",".293",".241",".300",".380",".295","","83","6.4","-118.5","-20.5","6.2"
"2012","HOU","2421","6014","146","583","545","105","7.7%","22.7%",".135",".288",".236",".302",".371",".296","","82","-16.9","-144.4","17.7","5.8"
"2004","MON","2289","6138","151","635","605","109","8.1%","15.1%",".143",".273",".249",".313",".392",".306","","77","-0.7","-184.6","36.0","5.7"
"2013","CHW","2279","6077","148","598","574","105","6.8%","19.9%",".129",".291",".249",".302",".378",".299","","85","-12.7","-117.5","-29.0","5.5"
"2010","HOU","2358","6005","108","611","577","100","6.9%","17.1%",".115",".285",".247",".303",".362",".295","","79","-6.4","-156.6","27.6","5.4"
"2003","NYM","2361","6007","124","642","607","70","8.1%","17.2%",".128",".282",".247",".314",".374",".302","","80","-4.4","-155.5","10.6","5.1"
"2011","MIN","2269","6020","103","619","572","92","7.3%","17.4%",".113",".288",".247",".306",".360",".296","","82","-6.5","-133.4","-25.8","4.3"
"2011","SEA","2090","5972","109","556","534","125","7.3%","21.4%",".115",".283",".233",".292",".348",".283","","80","11.9","-124.4","-36.6","3.9"
"2000","MIN","1972","6283","116","748","711","90","8.8%","16.3%",".137",".309",".270",".337",".407",".327","","86","-1.9","-121.7","-64.5","3.3"
"2013","MIA","2244","6021","95","513","485","78","7.2%","20.5%",".104",".280",".231",".293",".335",".279","","74","-5.2","-178.9","29.5","3.3"
"2019","MIA","2402","6045","146","615","593","55","6.5%","24.3%",".134",".300",".241",".298",".375",".288","","79","-23.9","-189.1","26.4","3.2"
"2016","OAK","2343","6022","169","653","634","50","7.3%","19.0%",".149",".280",".246",".304",".395",".302","","89","-22.2","-100.5","-77.5","3.0"
"2007","CHW","2257","6103","190","693","667","78","8.7%","18.8%",".158",".278",".246",".318",".404",".316","","86","-15.7","-125.7","-55.7","2.9"
"2005","KCR","2259","6086","126","701","653","53","7.0%","16.6%",".134",".298",".263",".320",".396",".313","","87","6.3","-91.5","-87.3","2.7"
"2010","SEA","2104","5989","101","513","485","142","7.7%","19.8%",".104",".282",".236",".298",".339",".285","","79","-1.0","-148.9","-40.5","2.2"
"2009","KCR","2247","6103","144","686","657","88","7.5%","17.9%",".146",".298",".259",".318",".405",".318","","88","-18.9","-110.3","-82.0","2.2"
"2018","BAL","2313","6034","188","622","593","81","7.0%","23.4%",".152",".286",".239",".298",".391",".299","","87","-9.6","-104.1","-75.1","2.0"
"2013","HOU","2266","6020","148","610","566","110","7.1%","25.5%",".136",".304",".240",".299",".375",".298","","85","-8.9","-112.7","-64.4","1.9"
"2010","PIT","2327","5974","126","587","570","87","7.8%","20.2%",".131",".288",".242",".304",".373",".300","","84","-5.8","-119.0","-48.1","1.4"
"2001","MON","2165","6026","131","670","622","101","7.9%","17.8%",".143",".291",".253",".319",".396",".309","","79","-2.2","-172.0","-14.2","1.0"
"2004","KCR","2169","6153","150","720","675","67","7.5%","17.2%",".139",".293",".259",".322",".397",".314","","82","-9.3","-152.8","-47.4","1.0"
"2004","ARI","2295","6114","135","615","582","53","7.2%","16.7%",".140",".286",".253",".310",".393",".305","","74","-7.7","-212.2","2.3","-0.4"
"2002","DET","2096","5920","124","575","546","65","6.1%","17.5%",".132",".283",".248",".300",".379",".297","","82","-9.4","-143.5","-68.1","-1.0"
"2003","DET","2278","6071","153","591","553","98","7.3%","18.1%",".135",".272",".240",".300",".375",".296","","80","-6.5","-162.3","-59.2","-1.2"
"2019","DET","2316","6039","149","582","556","57","6.5%","26.4%",".148",".308",".240",".294",".388",".290","","76","-6.8","-191.8","-53.8","-3.1"
