"Season","Team","W","L","ERA","G","GS","CG","ShO","SV","HLD","BS","IP","TBF","H","R","ER","HR","BB","IBB","HBP","WP","BK","SO"
"2015","STL","100","62","2.94","677","162","1","0","62","84","15","1464.2","6134","1359","525","478","123","477","37","45","48","5","1329"
"2011","PHI","102","60","3.02","556","162","18","7","47","56","10","1477.0","6069","1320","529","496","120","404","41","47","23","6","1299"
"2014","WSN","96","66","3.03","620","162","5","4","45","93","17","1470.2","6020","1351","555","495","110","352","26","51","37","2","1288"
"2018","HOU","103","59","3.11","672","162","3","2","46","105","21","1455.0","5913","1164","534","503","152","435","4","66","67","4","1687"
"2002","ATL","101","59","3.13","630","161","3","2","57","79","14","1467.1","6131","1302","565","511","123","554","63","42","40","4","1058"
"2016","CHC","103","58","3.15","665","162","5","2","38","74","15","1459.2","5933","1125","556","511","163","495","24","63","80","0","1441"
"2003","LAD","85","77","3.16","600","162","3","3","58","81","8","1457.2","6001","1254","556","511","127","526","35","40","50","5","1289"
"2014","SEA","87","75","3.17","659","162","2","1","51","86","11","1452.0","5974","1240","554","512","137","463","36","52","80","8","1317"
"2013","ATL","96","66","3.18","628","162","1","0","53","91","16","1450.1","5989","1326","548","512","127","409","35","51","50","3","1232"
"2012","TBR","90","72","3.19","634","162","7","4","50","77","8","1459.2","6000","1233","577","518","139","469","35","54","59","4","1383"
"2011","SFG","86","76","3.21","642","162","3","2","52","81","14","1468.0","6130","1260","578","523","96","559","46","50","42","4","1316"
"2014","OAK","88","74","3.22","603","162","7","3","31","61","21","1463.1","5971","1269","572","524","147","406","28","48","59","1","1244"
"2015","PIT","98","64","3.23","662","162","0","0","54","99","14","1489.2","6215","1392","596","534","110","453","38","75","67","4","1338"
"2013","LAD","92","70","3.25","666","162","7","4","46","83","19","1450.1","6032","1321","582","524","127","460","44","43","66","3","1292"
"2014","SDP","77","85","3.27","643","162","4","3","41","75","8","1438.2","6006","1300","577","523","117","462","32","46","57","4","1284"
"2013","PIT","94","68","3.27","627","162","3","0","55","86","15","1470.2","6147","1299","577","535","101","515","26","70","81","6","1261"
"2017","CLE","102","60","3.30","659","162","7","3","37","87","10","1440.2","5866","1267","564","529","163","406","15","45","48","1","1614"
"2012","WSN","98","64","3.34","644","162","3","1","51","105","17","1468.1","6133","1296","594","545","129","497","32","47","62","4","1325"
"2012","CIN","97","65","3.34","587","162","9","2","56","73","18","1453.0","6056","1356","588","540","152","427","33","51","34","7","1248"
"2012","LAD","86","76","3.35","668","162","2","2","40","81","19","1449.2","6068","1277","597","540","122","539","62","45","46","2","1276"
"2015","CHC","97","65","3.36","714","162","6","4","48","89","19","1461.1","5997","1276","608","546","134","407","38","46","66","3","1431"
"2010","SFG","92","70","3.36","638","162","6","3","57","65","16","1461.0","6159","1279","583","546","134","578","58","51","74","4","1331"
"2017","LAD","104","58","3.38","698","162","2","0","51","97","16","1444.2","5925","1226","580","543","184","442","33","40","40","10","1549"
"2013","CIN","90","72","3.38","623","162","5","2","43","78","16","1473.2","6077","1294","589","554","170","435","28","66","44","5","1296"
"2014","ATL","79","83","3.38","634","162","5","2","54","81","13","1455.0","6087","1369","597","547","121","472","36","37","75","1","1301"
"2019","LAD","106","56","3.39","707","162","3","1","44","74","28","1445.2","5913","1201","613","545","185","392","24","66","40","7","1519"
"2018","LAD","92","71","3.40","756","163","0","0","48","89","26","1476.0","6096","1279","610","557","179","422","39","61","39","10","1565"
"2014","LAD","94","68","3.40","658","162","7","3","47","89","14","1464.2","6075","1338","617","554","142","429","35","41","64","4","1373"
"2010","SDP","90","72","3.41","661","162","2","2","49","111","15","1456.1","6058","1305","581","551","139","517","51","28","29","5","1295"
"2009","LAD","95","67","3.41","688","162","1","1","44","77","26","1473.1","6182","1265","611","559","127","584","68","57","76","2","1272"
"2012","ATL","94","68","3.42","622","162","5","4","47","81","13","1445.1","5991","1310","600","549","145","464","40","41","54","3","1232"
"2011","SDP","71","91","3.43","651","162","0","0","44","82","18","1449.1","6065","1324","611","552","125","521","56","37","45","6","1139"
"2013","STL","97","65","3.43","645","162","7","4","44","83","20","1459.2","6104","1366","596","556","112","451","26","64","33","1","1254"
"2014","BAL","96","66","3.44","641","162","3","2","53","97","19","1461.1","6104","1342","593","558","151","472","25","59","42","2","1174"
"2013","KCR","86","76","3.45","589","162","5","2","52","85","21","1448.1","6049","1366","601","555","155","469","21","41","60","4","1208"
"2015","NYM","90","72","3.45","647","162","1","1","50","71","21","1462.2","6046","1341","613","561","152","383","43","44","46","2","1337"
"2015","LAD","92","70","3.46","677","162","6","3","47","87","21","1445.2","5932","1317","595","555","145","395","32","38","52","10","1396"
"2011","ATL","89","73","3.49","672","162","3","2","52","99","25","1479.2","6220","1332","605","573","125","521","73","53","61","5","1332"
"2005","STL","100","62","3.49","598","162","15","7","48","86","17","1445.2","6047","1399","634","560","153","443","27","60","41","5","974"
"2008","TOR","86","76","3.49","583","162","15","5","44","72","12","1446.2","6067","1330","610","561","134","467","42","67","51","4","1184"
"2014","PIT","88","74","3.49","614","162","2","1","48","90","24","1456.1","6130","1341","631","565","128","499","43","88","71","3","1228"
"2014","NYM","79","83","3.49","651","162","1","1","42","73","22","1463.2","6170","1370","618","568","141","509","38","50","56","1","1303"
"2012","OAK","94","68","3.50","624","162","1","0","47","79","17","1470.0","6131","1360","614","571","147","462","34","46","40","5","1136"
"2014","SFG","88","74","3.50","637","162","8","3","46","81","18","1449.0","5947","1305","614","564","133","389","35","57","49","6","1211"
"2014","STL","90","72","3.50","647","162","8","5","55","95","17","1448.2","6069","1321","603","564","123","470","35","61","44","5","1221"
"2014","KCR","89","73","3.51","613","162","3","2","53","75","12","1450.2","6101","1386","624","565","128","440","14","56","58","6","1168"
"2005","HOU","89","73","3.52","597","163","6","2","45","66","13","1443.0","6023","1336","609","564","155","440","29","59","38","8","1164"
"2016","WSN","95","67","3.52","670","162","1","0","46","91","14","1459.2","6036","1272","612","571","155","468","43","57","47","4","1476"
"2001","SEA","116","46","3.54","553","162","8","4","56","","","1465.0","6096","1293","627","576","160","465","28","64","40","1","1051"
"2002","SFG","95","66","3.55","579","162","10","5","43","70","17","1437.1","6056","1349","616","567","116","523","44","36","36","2","992"
"2009","SFG","88","74","3.55","619","162","11","3","41","70","17","1446.0","6103","1268","611","571","140","584","49","41","71","3","1302"
"2013","OAK","96","66","3.56","609","162","6","4","46","64","21","1452.0","6069","1339","625","574","163","428","23","35","56","1","1183"
"2014","TBR","77","85","3.56","656","162","3","1","37","75","19","1463.2","6131","1292","625","579","145","482","27","58","65","3","1437"
"2011","LAD","82","79","3.56","622","161","7","2","40","63","13","1432.0","5997","1287","612","567","132","507","48","43","50","7","1265"
"2011","LAA","86","76","3.57","548","162","12","6","39","58","25","1465.0","6124","1388","633","581","142","476","34","36","55","4","1058"
"2010","ATL","91","71","3.57","652","162","2","0","41","77","17","1439.1","6052","1326","629","571","126","505","64","49","42","3","1241"
"2010","STL","86","76","3.57","617","162","7","3","32","59","11","1453.2","6137","1412","641","577","133","477","32","48","42","4","1094"
"2015","HOU","86","76","3.57","644","162","5","3","39","79","19","1441.0","5965","1308","618","572","148","423","17","43","61","2","1280"
"2014","CLE","85","77","3.57","735","162","6","4","40","76","22","1468.1","6193","1398","653","583","135","464","51","58","56","2","1450"
"2009","ATL","86","76","3.57","650","162","3","0","38","71","21","1462.2","6208","1399","641","581","119","530","59","49","40","6","1232"
"2014","LAA","98","64","3.58","705","162","3","2","46","81","16","1482.2","6179","1307","630","590","126","504","41","63","74","4","1342"
"2016","NYM","87","75","3.58","700","162","1","1","55","100","16","1447.0","6067","1398","617","576","152","439","39","35","50","7","1396"
"2011","WSN","80","81","3.58","664","161","3","2","49","98","28","1449.1","6141","1403","643","577","129","477","43","52","49","6","1049"
"2010","OAK","81","81","3.58","585","162","7","3","38","65","13","1431.2","6011","1315","626","570","153","512","29","38","42","8","1070"
"2011","TBR","91","71","3.58","600","162","15","5","32","51","12","1449.0","6010","1263","614","577","161","504","38","46","45","3","1143"
"2014","CIN","76","86","3.59","590","162","5","3","44","69","19","1446.0","6067","1282","612","576","163","507","33","69","45","5","1290"
"2001","OAK","102","60","3.59","578","162","13","6","44","","","1463.1","6115","1384","645","583","153","440","49","46","42","3","1117"
"2013","WSN","86","76","3.59","602","162","6","4","47","79","21","1445.2","6038","1367","626","576","142","405","17","48","43","8","1236"
"2001","ATL","88","74","3.59","573","162","5","5","41","","","1447.1","6089","1363","643","578","153","499","77","33","41","8","1133"
"2005","CLE","93","69","3.61","571","162","6","0","51","74","15","1452.2","6048","1363","642","582","157","413","20","41","26","4","1050"
"2005","CHW","99","63","3.61","574","162","9","4","54","79","19","1475.2","6176","1392","645","592","167","459","42","52","65","9","1040"
"2013","DET","93","69","3.61","590","162","3","1","39","68","16","1462.2","6119","1369","624","587","128","462","29","42","63","7","1428"
"2015","WSN","83","79","3.62","630","162","4","3","41","77","23","1434.2","5975","1366","635","577","145","364","37","55","39","4","1342"
"2013","TEX","91","72","3.63","638","163","4","2","46","74","11","1463.1","6146","1370","636","590","157","498","35","48","68","5","1309"
"2003","OAK","96","66","3.63","526","162","16","5","48","53","12","1441.2","6078","1336","643","582","140","499","42","54","41","10","1018"
"2011","MIL","96","66","3.64","596","162","1","1","47","74","19","1441.2","6048","1348","638","583","147","440","16","33","70","5","1257"
"2018","CHC","95","68","3.65","763","163","1","0","46","103","19","1476.1","6264","1319","645","598","157","622","33","66","46","3","1333"
"2009","STL","91","71","3.66","643","162","8","4","43","72","14","1440.2","6087","1407","640","586","123","460","23","53","43","5","1049"
"2019","HOU","107","55","3.66","654","162","2","1","47","97","20","1462.1","5995","1205","640","595","230","448","0","41","41","8","1671"
"2014","MIL","82","80","3.67","640","162","3","3","45","76","20","1457.2","6106","1386","657","594","167","431","20","42","44","2","1246"
"2017","ARI","93","69","3.67","675","162","2","1","43","92","19","1441.0","6072","1309","659","588","171","516","45","38","82","5","1482"
"2019","TBR","96","66","3.67","765","162","0","0","46","116","24","1474.1","6086","1274","656","602","181","453","27","60","59","7","1621"
"2005","LAA","95","67","3.68","541","162","7","3","54","55","17","1464.1","6158","1419","643","598","158","443","24","48","70","1","1126"
"2012","SFG","94","68","3.68","688","162","5","4","53","102","13","1451.0","6138","1361","649","593","142","489","42","51","54","4","1237"
"2015","CLE","81","80","3.68","637","161","11","1","38","61","12","1432.2","5904","1274","640","586","161","425","27","48","48","5","1407"
"2008","LAD","84","78","3.68","623","162","5","4","35","61","20","1447.1","6127","1381","648","592","123","480","58","48","47","4","1205"
"2010","PHI","97","65","3.68","613","162","14","6","40","61","19","1456.1","6095","1402","640","596","168","416","42","57","26","5","1183"
"2002","ANA","99","63","3.69","562","162","7","2","54","66","17","1452.1","6097","1345","644","595","169","509","24","49","52","7","999"
"2002","OAK","103","59","3.69","570","162","9","5","48","86","21","1452.0","6158","1391","654","595","135","474","45","62","40","9","1021"
"2016","SFG","87","75","3.69","737","162","10","3","43","125","30","1460.1","6048","1333","631","599","158","439","30","46","40","6","1309"
"2002","LAD","92","70","3.69","585","162","4","2","56","78","15","1457.2","6139","1311","643","598","165","555","45","46","33","3","1132"
"2005","OAK","88","74","3.70","572","162","9","2","38","47","18","1450.1","6080","1315","658","596","154","504","42","60","41","3","1075"
"2002","STL","97","65","3.70","634","162","4","2","42","82","21","1446.1","6135","1355","648","595","141","547","39","60","40","2","1009"
"2016","LAD","91","71","3.70","768","162","3","3","47","100","22","1453.0","6014","1266","638","598","165","464","51","53","58","5","1510"
"2012","STL","88","74","3.71","668","162","4","2","42","105","22","1462.2","6158","1420","648","603","134","436","28","50","46","4","1218"
"2013","MIA","62","100","3.71","633","162","2","1","36","52","17","1460.0","6166","1376","646","602","121","526","58","47","53","2","1177"
"2011","OAK","74","88","3.71","622","162","6","1","39","65","18","1447.2","6159","1380","679","597","136","519","24","41","53","3","1160"
"2007","SDP","89","74","3.72","648","163","1","0","45","76","22","1484.2","6254","1406","666","614","119","474","48","48","42","6","1136"
"2005","MIN","83","79","3.72","558","162","9","4","44","52","16","1464.1","6072","1458","662","606","169","348","38","43","35","4","965"
"2003","SFG","100","61","3.73","622","161","7","4","43","77","17","1437.1","6090","1349","638","595","136","546","34","43","68","8","1006"
"2018","ARI","82","80","3.73","735","162","2","1","39","111","27","1463.0","6139","1313","644","606","174","522","43","57","69","5","1448"
"2010","NYM","79","83","3.73","653","162","8","4","36","62","16","1453.0","6245","1438","652","602","135","545","55","52","48","5","1106"
"2015","SFG","84","78","3.73","719","162","7","4","41","116","15","1444.1","6009","1344","627","599","155","431","28","50","40","4","1165"
"2018","MIL","96","67","3.73","722","163","0","0","49","92","25","1461.0","6114","1259","659","606","173","553","34","61","50","5","1428"
"2011","NYY","97","65","3.73","627","162","5","3","47","95","16","1458.1","6216","1423","657","605","152","507","43","58","67","3","1222"
"2017","BOS","93","69","3.73","677","162","5","1","39","83","18","1482.1","6217","1384","668","615","195","465","18","49","43","3","1580"
"2015","KCR","95","67","3.74","655","162","2","1","56","79","20","1452.0","6112","1372","641","603","155","489","10","52","62","2","1160"
"2013","TBR","92","71","3.74","648","163","9","3","42","85","18","1464.0","6083","1315","646","608","153","482","38","52","69","6","1310"
"2015","TBR","80","82","3.74","692","162","1","1","60","113","27","1453.1","6069","1314","642","604","175","477","23","46","81","5","1355"
"2004","STL","105","57","3.75","631","162","4","2","57","89","16","1453.2","6104","1378","659","605","169","440","24","67","42","4","1041"
"2017","NYY","91","71","3.75","639","162","2","1","36","70","23","1448.2","6078","1248","660","603","192","504","18","53","83","4","1560"
"2018","TBR","90","72","3.75","715","162","0","0","52","113","21","1448.1","5992","1236","646","603","164","501","34","53","55","6","1421"
"2014","NYY","84","78","3.75","637","162","5","2","48","85","21","1453.0","6114","1392","664","605","164","398","23","65","49","6","1370"
"2004","ATL","96","66","3.75","645","162","4","1","48","71","20","1450.0","6218","1475","668","604","154","523","50","27","36","6","1025"
"2018","ATL","90","72","3.75","715","162","2","1","40","97","20","1456.2","6155","1236","657","607","153","635","43","52","61","8","1423"
"2018","BOS","108","54","3.75","697","162","2","0","46","106","20","1458.2","6166","1305","647","608","176","512","8","84","51","3","1558"
"2002","BOS","93","69","3.75","500","162","5","3","51","40","17","1446.0","6049","1339","665","603","146","430","29","84","31","6","1157"
"2003","SEA","93","69","3.76","528","162","8","3","38","48","14","1441.0","6025","1340","637","602","173","466","24","54","35","4","1001"
"2012","SEA","75","87","3.76","613","162","8","6","43","61","19","1456.2","6062","1359","651","609","166","449","39","49","61","5","1166"
"2012","DET","88","74","3.77","582","162","9","3","40","73","16","1430.2","6045","1409","670","599","151","438","35","42","46","6","1318"
"2018","CLE","91","71","3.77","670","162","5","2","41","76","17","1457.1","6071","1349","648","611","200","407","29","59","54","2","1544"
"2005","NYM","83","79","3.77","554","162","8","3","38","49","21","1435.2","6121","1390","648","602","135","491","43","56","32","4","1012"
"2018","NYY","100","62","3.78","670","162","2","2","49","76","17","1456.1","6141","1311","669","611","177","494","9","58","73","4","1634"
"2010","TBR","96","66","3.78","653","162","6","3","51","79","16","1453.2","6103","1347","649","611","175","478","34","46","60","9","1189"
"2013","NYM","74","88","3.78","697","162","4","2","40","68","18","1476.2","6249","1442","684","621","152","458","38","54","47","3","1209"
"2011","STL","90","72","3.79","630","162","7","5","47","68","26","1462.0","6211","1461","692","615","136","448","44","46","48","3","1098"
"2011","TEX","96","66","3.79","579","162","10","7","38","65","20","1441.1","6021","1327","677","607","170","461","21","46","43","6","1179"
"2014","MIA","77","85","3.79","649","162","3","3","42","70","22","1457.2","6217","1481","674","614","114","458","35","49","56","4","1190"
"2016","TOR","89","73","3.79","649","162","0","0","43","72","22","1459.1","6113","1340","666","615","183","461","10","59","50","7","1314"
"2019","CLE","93","69","3.79","684","162","6","5","42","77","16","1437.2","6008","1308","657","606","207","450","19","62","42","2","1508"
"2013","BOS","97","65","3.79","612","162","5","2","33","73","24","1454.0","6143","1366","656","613","156","524","10","47","47","5","1294"
"2011","ARI","94","68","3.80","625","162","5","1","58","75","13","1443.1","6102","1414","662","609","159","442","16","53","39","7","1058"
"2014","PHI","73","89","3.81","623","162","2","0","40","57","16","1468.1","6261","1396","687","621","134","521","43","69","49","1","1255"
"2015","TOR","93","69","3.81","631","162","7","2","34","60","22","1441.0","5984","1353","670","610","173","397","20","59","62","4","1117"
"2013","CLE","92","70","3.82","702","162","3","3","38","78","22","1441.1","6154","1359","662","611","147","554","26","58","71","3","1379"
"2008","TBR","97","65","3.82","610","162","7","5","52","80","16","1457.2","6145","1349","671","618","166","526","29","46","52","3","1143"
"2018","OAK","97","65","3.82","740","162","2","2","44","84","18","1465.2","6099","1303","674","622","184","474","19","53","86","2","1237"
"2019","STL","91","71","3.82","704","162","1","1","52","97","21","1444.0","6068","1284","662","613","191","545","41","69","46","4","1399"
"2003","CHC","88","74","3.83","582","162","13","6","36","62","15","1456.1","6227","1304","683","619","143","617","36","71","63","3","1404"
"2004","CHC","89","73","3.83","622","162","3","2","42","68","24","1465.1","6262","1363","665","623","169","545","33","76","50","9","1346"
"2013","MIL","74","88","3.84","663","162","4","2","40","83","23","1442.2","6100","1401","687","615","175","466","29","43","51","2","1125"
"2003","ARI","84","78","3.84","614","162","7","5","42","47","13","1455.0","6230","1379","685","621","150","526","53","72","52","9","1291"
"2009","CHC","83","78","3.84","641","161","3","2","40","75","18","1445.1","6177","1329","672","617","160","586","46","59","60","6","1272"
"2018","STL","88","74","3.85","727","162","1","1","43","89","21","1455.1","6271","1354","691","623","144","593","49","67","63","4","1337"
"2006","DET","95","67","3.85","552","162","3","1","46","75","16","1448.0","6145","1420","675","620","160","489","35","53","44","2","1003"
"2012","NYY","95","67","3.85","647","162","6","2","51","87","13","1445.1","6085","1401","668","619","190","431","32","49","53","9","1318"
"2016","CLE","94","67","3.86","665","161","5","3","37","54","11","1445.0","6033","1330","676","619","186","461","34","34","49","7","1398"
"2012","PHI","81","81","3.86","602","162","5","4","42","78","19","1451.1","6072","1387","680","622","178","409","33","44","30","3","1385"
"2007","BOS","96","66","3.87","613","162","5","3","45","78","11","1438.2","6071","1350","657","618","151","482","20","62","33","0","1149"
"2003","HOU","87","75","3.87","664","162","1","0","50","91","14","1450.0","6176","1350","677","623","161","565","53","74","40","4","1139"
"2005","WSN","81","81","3.87","632","162","4","1","51","69","18","1458.0","6286","1456","673","627","140","539","77","72","49","8","997"
"2008","MIL","90","72","3.87","607","162","12","6","45","68","26","1455.2","6209","1415","689","626","175","528","32","42","53","5","1110"
"2008","CHC","97","64","3.87","639","161","2","1","44","74","24","1450.2","6194","1329","671","624","160","548","45","65","48","7","1264"
"2009","SEA","85","77","3.87","572","162","4","2","49","82","28","1452.2","6159","1359","692","625","172","534","13","43","61","5","1043"
"2001","ARI","92","70","3.88","583","162","12","5","34","","","1459.2","6090","1352","677","629","195","461","30","59","45","6","1297"
"2006","SDP","88","74","3.88","637","162","4","2","50","81","21","1463.2","6175","1385","679","631","176","468","63","50","34","4","1097"
"2017","WSN","97","65","3.88","649","162","3","1","46","88","17","1446.2","6068","1300","672","624","189","495","39","60","44","5","1457"
"2002","NYY","103","58","3.89","495","161","9","5","53","46","16","1452.0","6159","1441","697","627","144","403","44","48","59","2","1135"
"2008","PHI","92","70","3.89","630","162","4","3","47","80","15","1449.2","6229","1444","680","627","160","533","64","57","34","3","1081"
"2012","BAL","93","69","3.90","654","162","1","1","55","67","18","1483.0","6278","1433","705","642","184","481","36","53","34","6","1177"
"2002","NYM","75","86","3.91","612","161","9","6","36","62","15","1442.2","6212","1408","703","626","163","543","75","55","22","7","1107"
"2012","PIT","79","83","3.91","645","162","2","1","45","92","14","1433.1","6097","1357","674","623","153","490","30","45","45","3","1192"
"2011","SEA","67","95","3.91","513","162","12","3","39","39","16","1433.0","6014","1369","675","623","145","436","27","51","68","6","1088"
"2013","ARI","81","81","3.92","689","162","6","2","38","64","29","1495.0","6338","1460","695","651","176","485","42","60","84","3","1218"
"2014","CHC","73","89","3.92","699","162","1","1","37","81","21","1463.1","6208","1398","707","638","115","504","37","55","64","3","1311"
"2002","ARI","98","64","3.93","584","162","14","5","40","58","19","1446.2","6067","1361","674","631","170","421","30","54","48","11","1303"
"2010","TEX","90","72","3.93","643","162","7","0","46","83","20","1455.1","6213","1355","687","636","162","551","24","63","56","4","1181"
"2015","LAA","85","77","3.94","680","162","2","2","46","82","21","1440.2","6096","1355","675","631","166","466","45","71","61","4","1221"
"2012","ARI","81","81","3.94","623","162","4","2","39","68","20","1433.2","6063","1432","688","628","155","417","18","51","52","10","1200"
"2013","NYY","85","77","3.94","590","162","7","3","49","67","13","1447.1","6128","1452","671","634","171","437","34","51","57","1","1233"
"2010","SEA","61","101","3.95","520","162","11","2","38","36","17","1438.0","6091","1402","698","631","157","452","33","40","73","11","973"
"2006","MIN","96","66","3.95","583","162","1","0","40","68","10","1439.1","6066","1490","683","632","182","356","25","36","40","3","1164"
"2011","FLA","72","90","3.95","670","162","7","4","40","69","19","1459.2","6200","1403","702","641","149","500","72","37","43","10","1218"
"2010","MIN","94","68","3.95","627","162","9","3","40","75","18","1452.2","6106","1493","671","638","155","383","19","47","41","4","1048"
"2018","SFG","73","89","3.95","711","162","1","1","36","82","30","1461.1","6191","1387","699","642","156","524","37","45","44","4","1269"
"2017","CHC","92","70","3.95","693","162","2","1","38","90","19","1447.1","6108","1294","695","636","194","554","29","66","73","4","1439"
"2001","STL","93","69","3.96","646","162","8","4","38","","","1435.1","6121","1389","684","631","196","526","36","72","45","6","1083"
"2019","OAK","97","65","3.97","709","162","1","1","45","109","30","1465.0","6153","1342","680","646","201","477","19","66","74","4","1299"
"2002","MON","83","79","3.98","599","162","9","1","39","78","20","1453.0","6246","1475","718","642","165","508","80","46","51","5","1088"
"2013","SDP","76","86","3.98","650","162","3","1","40","75","13","1455.0","6179","1407","700","643","156","525","31","40","51","2","1171"
"2005","MIL","81","81","3.98","557","162","7","2","46","61","21","1438.0","6208","1382","697","636","169","569","52","45","66","8","1173"
"2005","ATL","90","72","3.98","646","162","8","3","38","73","24","1443.2","6186","1487","674","639","145","520","52","32","42","5","929"
"2015","CHW","76","86","3.98","576","162","7","4","37","61","15","1452.2","6181","1443","701","643","162","474","34","62","61","2","1359"
"2017","TBR","80","82","3.99","673","162","0","0","53","93","22","1445.0","6099","1324","704","640","193","503","37","48","83","4","1352"
"2008","ARI","82","80","3.99","606","162","6","2","39","68","23","1434.2","6119","1403","706","636","147","451","41","68","59","3","1229"
"2013","CHW","63","99","4.00","632","162","5","1","40","89","20","1455.0","6214","1424","723","646","182","509","24","60","62","4","1249"
"2013","CHC","66","96","4.00","651","162","3","1","39","63","26","1448.0","6149","1332","689","643","160","540","43","62","59","4","1184"
"2016","SEA","86","76","4.00","638","162","2","2","49","97","25","1457.0","6147","1410","707","647","213","460","30","55","52","7","1318"
"2017","MIL","86","76","4.00","712","162","1","0","54","101","25","1445.2","6164","1381","697","642","185","553","45","64","50","2","1346"
"2013","SFG","76","86","4.00","686","162","2","2","41","81","13","1447.1","6163","1380","691","643","145","521","64","50","60","4","1256"
"2008","LAA","100","62","4.00","545","162","7","1","66","74","23","1451.1","6161","1455","697","645","160","457","32","63","50","2","1106"
"2007","TOR","83","79","4.00","582","162","11","2","44","64","25","1448.2","6108","1383","699","644","157","479","34","55","42","3","1067"
"2016","BOS","93","69","4.00","625","162","9","1","43","81","18","1439.2","6073","1341","694","640","176","490","16","65","52","0","1362"
"2014","TOR","83","79","4.00","611","162","3","2","45","78","18","1443.0","6150","1400","686","642","151","490","23","57","43","5","1199"
"2018","PIT","82","79","4.00","641","161","3","2","40","81","20","1434.0","6144","1380","693","638","174","497","43","69","95","6","1336"
"2002","HOU","84","78","4.00","642","162","2","2","43","70","15","1445.0","6205","1423","695","643","151","546","78","55","38","3","1219"
"2004","LAD","93","69","4.01","621","162","2","2","51","57","9","1453.1","6155","1386","684","647","178","521","47","54","43","2","1066"
"2014","BOS","71","91","4.01","655","162","3","2","36","63","18","1465.2","6231","1458","715","653","154","482","19","47","51","5","1213"
"2014","DET","90","72","4.01","635","162","5","4","41","72","16","1454.0","6191","1475","705","648","127","462","34","42","43","9","1244"
"2003","MON","83","79","4.01","599","162","15","2","42","67","18","1437.2","6171","1467","716","641","181","463","51","71","71","4","1028"
"2008","BOS","95","67","4.01","628","162","5","2","47","66","22","1446.1","6180","1369","694","645","147","548","17","68","43","2","1185"
"2008","OAK","75","86","4.01","602","161","4","1","33","68","19","1435.0","6112","1364","690","640","135","576","45","54","30","4","1061"
"2010","LAD","80","82","4.01","637","162","4","4","41","70","18","1441.2","6141","1323","692","643","134","539","75","58","58","8","1274"
"2012","SDP","76","86","4.01","691","162","4","3","43","98","17","1434.2","6151","1356","710","640","162","539","48","48","49","8","1205"
"2017","STL","83","79","4.01","708","162","3","3","43","90","17","1450.1","6153","1393","705","647","183","493","50","67","38","0","1351"
"2012","LAA","89","73","4.02","606","162","6","5","38","80","22","1433.1","6034","1339","699","640","186","483","20","40","38","2","1157"
"2012","TEX","93","69","4.02","590","162","7","2","43","61","9","1442.0","6067","1378","707","644","175","446","15","41","53","8","1286"
"2010","CIN","91","71","4.02","664","162","4","2","43","74","20","1453.0","6182","1404","685","649","158","524","32","50","48","6","1130"
"2012","CHW","85","77","4.02","628","162","6","2","37","65","21","1445.2","6098","1365","676","646","186","503","29","68","66","9","1246"
"2001","CHC","88","74","4.03","614","162","8","2","41","","","1437.0","6159","1357","701","643","164","550","43","50","48","5","1344"
"2004","SDP","87","75","4.03","599","162","3","2","44","76","20","1441.0","6135","1460","705","645","184","422","39","48","27","2","1079"
"2015","NYY","87","75","4.03","659","162","3","0","48","80","12","1457.2","6191","1416","698","653","182","474","16","56","78","4","1370"
"2003","NYY","101","61","4.03","530","163","8","3","49","57","18","1462.0","6209","1512","716","655","145","375","36","49","33","0","1119"
"2015","MIA","71","91","4.04","648","162","0","0","35","80","21","1427.0","6050","1374","678","640","141","508","25","52","53","3","1152"
"2001","NYY","95","65","4.04","523","161","7","3","57","","","1451.1","6174","1429","713","651","158","465","29","55","54","6","1266"
"2018","WSN","82","80","4.04","724","162","2","1","40","82","14","1446.0","6087","1320","682","649","198","487","37","76","42","6","1417"
"2006","LAA","89","73","4.04","542","162","5","3","50","50","13","1452.2","6149","1410","732","652","158","471","27","50","85","3","1164"
"2003","FLA","91","71","4.04","557","162","7","2","36","48","14","1445.1","6165","1415","692","649","128","530","40","40","51","11","1132"
"2010","LAA","80","82","4.04","572","162","10","3","39","63","17","1449.1","6252","1422","702","651","148","565","33","46","80","6","1130"
"2004","MIN","92","70","4.04","597","162","4","4","48","48","20","1476.0","6269","1523","715","663","167","431","27","54","45","1","1123"
"2011","DET","95","67","4.04","583","162","4","2","52","60","10","1440.0","6108","1406","711","647","149","492","34","52","69","5","1115"
"2007","CHC","85","77","4.04","640","162","2","1","39","67","14","1446.2","6186","1340","690","650","165","573","46","59","42","3","1211"
"2011","PIT","72","90","4.05","711","162","5","3","43","92","22","1449.1","6317","1513","712","652","152","535","65","62","60","6","1031"
"2015","ARI","79","83","4.05","712","162","1","1","44","85","21","1466.2","6257","1450","713","660","182","500","45","48","51","3","1215"
"2016","MIA","79","82","4.05","720","161","0","0","55","97","29","1435.0","6164","1358","682","646","152","595","62","61","66","3","1379"
"2015","BAL","81","81","4.05","615","162","0","0","43","54","15","1434.2","6085","1406","693","646","174","483","27","54","46","0","1233"
"2004","HOU","92","70","4.05","655","162","2","2","47","74","23","1443.0","6201","1416","698","650","174","525","61","68","45","3","1282"
"2007","CLE","96","66","4.05","557","162","9","4","49","71","14","1462.2","6206","1519","704","659","146","410","42","56","42","2","1047"
"2000","ATL","95","67","4.06","538","162","13","6","53","","","1440.1","6165","1428","714","649","165","484","52","37","23","6","1093"
"2010","NYY","95","67","4.06","592","162","3","0","39","76","18","1442.1","6102","1349","693","650","179","540","37","62","69","6","1154"
"2003","PHI","86","76","4.06","599","162","9","7","33","56","18","1443.2","6195","1386","697","651","142","536","51","77","53","4","1060"
"2005","TOR","80","82","4.06","594","162","9","3","35","66","21","1447.0","6166","1475","705","653","185","444","29","68","39","5","958"
"2016","HOU","84","78","4.06","662","162","2","1","44","102","20","1468.0","6180","1441","701","663","181","453","19","39","98","2","1396"
"2002","SEA","93","69","4.07","505","162","8","3","43","57","21","1445.1","6117","1422","699","654","178","441","34","49","42","3","1063"
"2015","MIN","83","79","4.07","682","162","2","0","45","76","15","1443.0","6139","1506","700","653","163","413","34","41","54","2","1046"
"2018","NYM","77","85","4.07","663","162","3","1","41","65","17","1460.2","6178","1364","707","661","185","484","32","71","26","2","1446"
"2008","NYM","89","73","4.07","719","162","5","2","43","99","29","1464.1","6338","1415","715","663","163","590","53","70","55","4","1181"
"2016","STL","86","76","4.08","643","162","2","2","38","70","17","1448.1","6164","1432","712","656","159","475","35","52","50","1","1290"
"2001","NYM","82","80","4.08","559","162","6","3","48","","","1445.2","6107","1418","713","655","186","438","60","43","53","7","1191"
"2010","HOU","76","86","4.09","669","162","4","2","45","82","15","1439.1","6221","1446","729","654","140","548","39","40","57","9","1210"
"2012","NYM","74","88","4.09","667","162","7","5","36","66","19","1434.0","6086","1368","709","652","161","488","29","40","40","3","1240"
"2010","FLA","80","82","4.09","643","162","5","2","39","86","25","1438.1","6217","1433","717","654","134","549","42","51","49","4","1168"
"2015","SDP","74","88","4.09","678","162","1","0","41","63","17","1440.1","6093","1371","731","655","171","516","35","54","54","3","1393"
"2006","HOU","82","80","4.09","659","162","5","2","42","75","18","1468.2","6219","1425","719","668","182","480","65","54","44","2","1160"
"2010","CHW","88","74","4.09","569","162","6","2","43","57","14","1446.1","6180","1471","704","658","136","490","41","34","59","9","1149"
"2004","FLA","83","79","4.10","566","162","6","3","53","54","22","1439.0","6110","1395","700","655","166","513","61","51","35","3","1116"
"2003","ATL","101","61","4.10","651","162","4","1","51","75","20","1456.1","6247","1425","740","663","147","555","69","42","53","4","992"
"2016","MIL","73","89","4.10","675","162","0","0","46","88","22","1434.1","6188","1450","733","653","178","532","33","66","48","2","1175"
"2011","CHW","79","83","4.10","572","162","6","4","42","72","20","1460.0","6188","1463","706","665","147","439","50","44","55","4","1220"
"2004","NYM","71","91","4.10","636","162","2","2","31","70","21","1449.0","6333","1452","731","660","156","592","70","49","30","8","977"
"2019","CHC","84","78","4.10","738","162","1","1","38","71","28","1442.0","6190","1376","717","657","195","534","16","80","60","1","1444"
"2012","MIA","69","93","4.10","645","162","5","3","38","88","22","1440.2","6186","1448","724","657","133","495","61","55","36","4","1113"
"2000","LAD","86","76","4.10","533","162","9","3","36","","","1445.0","6249","1379","729","659","176","600","22","75","60","6","1154"
"2008","CHW","89","74","4.11","626","163","4","0","34","74","18","1457.2","6218","1471","729","665","156","460","42","48","54","3","1147"
"2007","ATL","84","78","4.11","690","162","1","1","36","64","15","1456.1","6263","1442","733","665","172","537","89","42","48","5","1106"
"2016","CHW","78","84","4.12","643","162","7","1","43","86","28","1446.2","6195","1422","715","662","185","521","30","68","72","2","1270"
"2017","HOU","101","61","4.12","681","162","1","0","45","91","21","1446.0","6111","1314","700","662","192","522","17","70","86","4","1593"
"2002","MIN","94","67","4.12","596","161","8","5","47","83","18","1444.2","6133","1454","712","662","184","439","24","45","62","3","1026"
"2018","SEA","89","73","4.13","699","162","3","1","60","109","21","1448.2","6073","1396","711","664","195","400","21","72","57","3","1328"
"2005","SDP","82","80","4.13","618","162","4","3","45","70","20","1455.1","6253","1452","726","668","146","503","45","46","36","3","1133"
"2010","WSN","69","93","4.13","656","162","2","1","37","73","20","1435.0","6214","1469","742","659","151","512","57","46","33","7","1068"
"2007","ARI","90","72","4.13","631","162","7","4","51","85","15","1441.0","6216","1446","732","662","169","546","38","61","48","9","1088"
"2010","COL","83","79","4.14","675","162","6","2","35","82","21","1442.0","6143","1405","717","663","139","525","54","56","77","12","1234"
"2014","HOU","70","92","4.14","600","162","7","2","31","65","25","1438.2","6154","1437","723","662","139","484","32","52","57","7","1137"
"2018","PHI","80","82","4.15","758","162","0","0","44","104","20","1445.2","6138","1366","728","666","171","500","35","60","81","7","1465"
"2018","LAA","80","82","4.15","763","162","1","1","35","86","26","1437.1","6108","1353","722","663","205","546","17","65","87","3","1386"
"2006","NYM","97","65","4.16","636","162","5","3","43","73","15","1461.1","6240","1402","731","675","180","527","39","62","37","5","1161"
"2009","CHW","79","83","4.16","577","162","4","1","36","55","18","1439.2","6155","1438","732","665","169","507","41","41","55","5","1119"
"2011","CIN","79","83","4.16","663","162","4","2","39","73","22","1467.2","6259","1414","720","678","185","539","47","59","51","13","1112"
"2001","PHI","86","76","4.16","635","162","8","3","47","","","1445.1","6198","1417","719","668","170","527","60","70","40","6","1086"
"2009","PHI","93","69","4.16","621","162","8","5","44","81","22","1455.2","6263","1479","709","673","189","489","31","75","28","2","1153"
"2015","OAK","68","94","4.16","649","162","5","3","28","41","25","1444.2","6128","1402","729","668","172","474","19","47","62","4","1179"
"2015","SEA","76","86","4.16","671","162","6","5","45","100","24","1463.0","6223","1430","726","677","181","491","41","70","72","5","1283"
"2000","NYM","94","68","4.16","573","162","8","2","49","","","1450.0","6276","1398","738","671","164","574","42","60","34","7","1164"
"2016","NYY","84","78","4.16","645","162","0","0","48","80","16","1428.1","6023","1358","702","661","214","444","15","57","52","2","1393"
"2002","PHI","80","81","4.17","611","161","5","3","47","78","24","1449.2","6222","1381","724","671","153","570","54","70","68","5","1075"
"2003","CHW","86","76","4.17","523","162","12","0","36","33","17","1431.0","6067","1364","715","663","162","518","30","53","39","4","1056"
"2004","OAK","91","71","4.17","576","162","10","3","35","71","28","1471.1","6313","1466","742","682","164","544","49","68","39","5","1034"
"2008","MIN","88","75","4.18","648","163","5","2","42","75","23","1459.0","6221","1568","745","677","183","406","38","31","45","4","995"
"2001","BOS","82","79","4.18","585","161","3","2","48","","","1448.0","6272","1412","745","672","146","544","50","93","54","7","1259"
"2009","CIN","78","84","4.18","640","162","6","4","41","80","12","1458.1","6253","1420","723","677","188","577","36","65","45","1","1069"
"2007","MIN","79","83","4.18","600","162","5","3","38","65","14","1436.2","6133","1505","725","667","185","420","33","51","46","5","1094"
"2019","CIN","75","87","4.18","697","162","0","0","46","85","23","1438.0","6057","1270","711","668","214","536","31","58","35","8","1552"
"2019","MIN","101","61","4.18","686","162","1","0","50","102","22","1463.1","6246","1456","754","680","198","452","10","61","71","5","1463"
"2005","FLA","83","79","4.19","611","162","14","8","42","55","18","1442.1","6236","1459","732","671","116","563","57","65","45","3","1125"
"2010","BOS","89","73","4.19","605","162","3","1","44","65","25","1456.2","6267","1402","744","678","152","580","30","53","58","3","1207"
"2011","NYM","77","85","4.19","676","162","6","2","43","75","24","1448.0","6316","1482","742","674","147","514","48","70","46","7","1126"
"2004","BOS","98","64","4.19","599","162","4","1","36","53","13","1451.1","6222","1430","768","676","159","447","28","92","39","1","1132"
"2005","CHC","79","83","4.19","619","162","8","2","39","69","19","1440.0","6185","1357","714","671","186","576","48","50","57","7","1256"
"2001","SFG","90","72","4.19","601","162","3","1","47","","","1463.1","6294","1437","748","682","145","579","49","33","50","3","1080"
"2016","TBR","68","94","4.20","647","162","1","1","42","75","18","1426.1","6076","1395","713","665","210","491","25","32","61","7","1357"
"2007","SFG","71","91","4.20","658","162","5","0","37","86","23","1453.2","6299","1442","720","678","133","593","41","47","49","4","1057"
"2017","LAA","80","82","4.20","705","162","1","1","43","77","21","1440.2","6030","1373","709","672","224","470","25","44","57","6","1312"
"2011","BOS","90","72","4.20","606","162","2","1","36","75","16","1457.1","6242","1366","737","680","156","540","11","90","58","7","1213"
"2013","BAL","85","77","4.20","635","162","2","1","57","80","27","1453.0","6144","1438","709","678","202","473","32","50","38","3","1169"
"2019","ATL","97","65","4.20","737","162","1","0","44","106","22","1450.2","6243","1421","743","677","203","548","33","69","70","3","1393"
"2001","ANA","75","87","4.20","546","162","6","0","43","","","1437.2","6195","1452","730","671","168","525","47","64","46","2","947"
"2007","LAD","82","80","4.20","645","162","4","0","43","73","17","1450.0","6196","1443","727","677","146","518","34","38","44","5","1184"
"2008","STL","86","76","4.20","668","162","2","1","42","106","31","1454.0","6264","1517","725","679","163","496","21","51","50","2","957"
"2003","CLE","68","94","4.21","590","162","5","2","34","52","25","1459.1","6254","1477","778","682","179","501","37","64","49","7","943"
"2000","SFG","97","65","4.21","546","162","9","4","47","","","1444.1","6270","1452","747","676","151","623","26","41","43","4","1076"
"2016","KCR","81","81","4.21","634","162","3","0","41","78","19","1440.0","6182","1433","712","674","206","517","8","60","55","7","1287"
"2005","PHI","88","74","4.21","604","162","4","0","40","78","23","1435.0","6119","1379","726","672","189","487","51","72","36","9","1159"
"2006","OAK","93","69","4.22","606","162","5","2","54","83","20","1451.2","6279","1525","727","680","162","529","47","55","43","4","1003"
"2016","BAL","89","73","4.22","605","162","1","0","54","58","14","1432.0","6122","1408","715","671","183","545","23","51","59","3","1248"
"2012","MIL","83","79","4.22","674","162","0","0","44","81","29","1453.2","6245","1458","733","682","169","525","20","31","57","5","1402"
"2016","PIT","78","83","4.22","687","162","5","1","51","89","20","1450.2","6292","1491","758","681","180","533","28","68","71","7","1232"
"2007","LAA","94","68","4.23","558","162","5","3","43","74","14","1435.0","6161","1480","731","674","151","477","22","51","69","5","1156"
"2006","LAD","88","74","4.23","616","162","1","0","40","56","21","1460.1","6289","1524","751","686","152","492","40","41","54","8","1068"
"2017","PIT","75","87","4.23","664","162","2","1","36","82","21","1440.2","6208","1464","731","677","182","511","32","58","58","2","1262"
"2010","TOR","85","77","4.23","617","162","5","2","45","69","17","1440.2","6165","1407","728","677","150","539","35","60","69","3","1184"
"2009","COL","92","70","4.24","646","162","5","2","45","73","16","1438.1","6171","1427","715","677","141","528","51","46","48","5","1154"
"2002","PIT","72","89","4.24","619","161","2","1","47","96","19","1412.2","6131","1447","730","665","163","572","93","55","34","5","920"
"2000","BOS","85","77","4.24","587","162","7","4","46","","","1452.2","6225","1433","745","684","173","498","40","58","33","2","1121"
"2010","CHC","75","87","4.24","644","162","1","0","40","68","14","1436.2","6298","1409","767","677","154","605","42","65","46","6","1268"
"2016","DET","86","75","4.24","637","161","3","1","47","75","19","1428.0","6048","1417","721","673","182","462","25","51","44","4","1232"
"2013","LAA","78","84","4.24","658","162","4","2","41","79","17","1457.2","6298","1475","737","687","167","533","36","45","74","4","1200"
"2011","CLE","80","82","4.24","645","162","2","0","38","78","16","1453.1","6235","1482","760","685","153","463","34","60","42","3","1024"
"2019","ARI","85","77","4.25","719","162","0","0","45","90","24","1465.0","6230","1400","743","691","220","516","38","62","49","4","1427"
"2001","LAD","86","76","4.25","570","162","3","1","46","","","1450.2","6201","1387","744","685","184","524","37","72","44","11","1212"
"2019","NYM","86","76","4.25","664","162","3","3","38","59","27","1461.0","6232","1405","737","690","204","500","40","60","47","2","1520"
"2015","TEX","88","74","4.25","660","162","5","3","45","94","17","1442.2","6215","1459","733","682","171","508","29","63","51","5","1095"
"2014","ARI","64","98","4.26","650","162","2","1","35","75","20","1444.1","6162","1467","742","683","154","469","43","51","50","5","1278"
"2004","MIL","67","94","4.26","584","161","6","1","42","59","22","1442.0","6204","1440","757","683","164","476","27","51","59","5","1098"
"2013","TOR","74","88","4.26","649","162","4","2","39","62","19","1452.0","6250","1451","756","688","195","500","33","65","54","7","1208"
"2007","NYM","88","74","4.27","661","162","2","2","39","78","17","1452.1","6293","1415","750","689","165","570","40","61","36","3","1134"
"2009","NYY","103","59","4.28","623","162","3","1","51","74","15","1450.0","6247","1386","753","689","181","574","28","71","66","5","1260"
"2019","WSN","93","69","4.28","692","162","1","1","40","94","29","1439.1","6134","1340","724","684","202","517","41","61","53","5","1511"
"2015","MIL","68","94","4.28","658","162","1","0","40","73","14","1435.0","6148","1432","737","682","176","517","36","55","71","5","1260"
"2016","LAA","74","88","4.28","689","162","4","3","29","83","21","1421.1","6120","1480","727","676","208","498","27","56","47","10","1136"
"2003","ANA","77","85","4.28","537","162","5","2","39","56","13","1431.1","6161","1444","743","681","190","486","38","76","53","3","980"
"2004","ANA","92","70","4.28","505","162","2","2","50","54","17","1454.1","6246","1476","734","692","170","502","27","44","61","7","1164"
"2008","NYY","89","73","4.28","637","162","1","0","42","79","9","1441.2","6175","1478","727","686","143","489","37","51","55","5","1141"
"2001","TOR","80","82","4.28","633","162","7","5","41","","","1462.2","6305","1553","753","696","165","490","60","76","33","8","1041"
"2010","DET","81","81","4.29","578","162","6","1","32","60","13","1444.1","6198","1445","743","688","142","537","29","65","75","9","1056"
"2002","CIN","78","84","4.29","624","162","2","1","42","67","15","1453.2","6296","1502","774","693","173","550","63","56","52","2","980"
"2009","OAK","75","87","4.29","650","162","2","2","38","68","12","1447.1","6243","1486","761","690","156","523","30","36","43","2","1124"
"2010","CLE","69","93","4.30","632","162","10","2","34","73","16","1433.0","6224","1477","752","684","147","572","36","66","54","3","967"
"2014","CHW","73","89","4.30","615","162","3","0","36","68","21","1441.0","6255","1468","758","688","140","557","42","69","75","3","1152"
"2012","KCR","72","90","4.30","662","162","2","1","44","78","20","1451.1","6251","1504","746","693","163","542","44","60","49","8","1177"
"2007","OAK","76","86","4.30","608","162","4","1","36","66","25","1448.0","6247","1468","758","692","138","530","60","43","52","4","1036"
"2002","CHC","67","95","4.30","552","162","11","3","23","32","25","1441.1","6236","1373","759","689","167","606","53","58","44","2","1333"
"2019","NYY","103","59","4.31","707","162","1","1","50","101","25","1443.0","6133","1374","739","691","248","507","12","44","55","5","1534"
"2004","PIT","72","89","4.31","625","161","3","2","46","76","23","1428.0","6197","1451","744","684","149","576","64","63","45","3","1079"
"2007","COL","90","73","4.32","692","163","4","1","39","80","29","1472.0","6293","1497","758","706","164","504","61","59","35","8","967"
"2009","FLA","87","75","4.32","692","162","5","1","45","93","24","1446.1","6299","1425","766","694","160","601","60","45","59","5","1248"
"2013","SEA","71","91","4.32","610","162","4","2","43","65","23","1465.0","6256","1467","754","703","174","478","48","42","74","1","1297"
"2001","FLA","76","86","4.32","592","162","5","3","32","","","1438.0","6227","1397","744","691","151","617","53","70","40","3","1119"
"2011","TOR","81","81","4.33","636","162","7","3","33","50","26","1458.2","6286","1433","761","701","179","540","28","77","73","3","1169"
"2000","CIN","85","77","4.33","550","163","8","1","42","","","1456.1","6362","1446","765","700","190","659","53","43","96","5","1015"
"2004","MON","67","95","4.33","624","162","11","4","31","59","18","1447.0","6307","1477","769","696","191","582","78","79","43","2","1032"
"2018","COL","91","72","4.33","681","163","0","0","51","105","27","1452.1","6154","1377","745","699","184","525","24","52","70","8","1409"
"2013","PHI","73","89","4.34","628","162","6","2","32","55","16","1436.1","6213","1465","749","692","152","506","33","62","48","6","1199"
"2015","BOS","78","84","4.34","637","162","3","1","40","63","20","1448.1","6224","1486","753","698","178","478","17","62","79","10","1218"
"2009","DET","86","77","4.34","602","163","4","1","42","67","24","1447.0","6240","1449","745","698","182","594","42","41","48","6","1102"
"2011","CHC","71","91","4.34","657","162","4","1","40","86","24","1434.1","6262","1439","756","692","162","580","45","53","51","5","1224"
"2004","SFG","91","71","4.34","683","162","8","5","46","87","28","1457.0","6321","1481","770","703","161","548","35","47","52","2","1020"
"2015","CIN","64","98","4.35","683","162","2","1","35","63","21","1453.1","6271","1436","754","702","177","544","42","58","54","11","1252"
"2005","SFG","75","87","4.35","673","162","4","0","46","89","28","1444.1","6280","1456","745","698","151","592","42","42","38","3","972"
"2009","BOS","95","67","4.35","625","162","8","2","41","72","18","1436.2","6283","1494","736","695","167","530","24","68","42","5","1230"
"2009","TBR","84","78","4.36","672","162","3","3","41","79","22","1427.1","6146","1421","754","691","183","515","22","46","46","5","1125"
"2002","FLA","79","83","4.36","623","162","11","6","36","68","19","1456.1","6340","1449","763","706","151","631","46","58","55","7","1104"
"2000","ARI","85","77","4.36","552","162","16","4","38","","","1443.2","6158","1441","754","700","190","500","53","42","30","10","1220"
"2006","FLA","78","84","4.37","600","162","6","2","41","69","27","1433.1","6294","1465","772","696","166","622","58","74","47","4","1088"
"2006","TOR","87","75","4.37","644","162","6","1","42","87","20","1428.1","6151","1447","754","694","185","504","56","59","53","13","1076"
"2009","SDP","75","87","4.37","689","162","2","1","45","92","23","1450.2","6273","1422","769","705","167","603","58","45","52","8","1187"
"2008","SFG","72","90","4.38","640","162","4","2","41","56","19","1442.0","6341","1416","759","701","147","652","59","70","77","7","1240"
"2019","SFG","77","85","4.38","749","162","1","0","41","86","22","1469.0","6256","1395","773","715","227","519","26","65","53","4","1368"
"2005","LAD","71","91","4.38","620","162","6","4","40","66","19","1427.1","6113","1434","755","695","182","471","34","64","36","6","1004"
"2016","TEX","95","67","4.38","641","162","1","0","56","103","17","1443.0","6186","1441","757","703","201","534","16","53","45","5","1154"
"2009","TEX","87","75","4.38","598","162","8","3","45","77","13","1434.2","6172","1432","740","699","171","531","14","70","45","8","1016"
"2001","HOU","93","69","4.39","567","162","7","1","48","","","1454.2","6236","1453","769","709","221","486","22","70","42","3","1228"
"2008","HOU","86","75","4.39","649","161","4","3","48","80","17","1425.1","6125","1453","743","695","197","492","53","50","22","9","1095"
"2000","STL","95","67","4.40","548","162","10","4","37","","","1433.2","6200","1403","771","701","196","606","28","62","49","9","1100"
"2019","MIL","89","73","4.40","750","162","0","0","50","104","27","1459.1","6251","1364","766","714","225","570","28","60","41","3","1497"
"2008","SDP","63","99","4.41","653","162","3","0","30","55","26","1458.1","6286","1466","764","714","165","561","61","38","43","4","1100"
"2003","MIN","90","72","4.41","561","162","7","3","45","65","19","1461.2","6246","1526","758","716","187","402","35","50","62","9","997"
"2018","SDP","66","96","4.41","697","162","0","0","36","83","17","1457.0","6254","1430","767","714","185","519","28","68","52","4","1399"
"2015","ATL","67","95","4.41","694","162","3","2","44","82","26","1425.1","6156","1462","760","699","170","550","45","53","53","9","1148"
"2017","TOR","76","86","4.42","740","162","2","0","45","79","26","1465.0","6316","1460","784","720","203","549","25","48","53","4","1372"
"2006","NYY","97","65","4.43","651","162","5","1","43","83","17","1443.2","6215","1463","767","710","170","496","41","59","46","7","1019"
"2006","CLE","78","84","4.43","539","162","13","6","24","40","23","1423.1","6190","1583","782","701","166","429","35","51","46","2","948"
"2013","COL","74","88","4.44","665","162","1","0","35","82","18","1436.0","6248","1545","760","708","136","517","52","40","62","15","1064"
"2005","PIT","67","95","4.44","613","162","4","3","35","59","12","1436.0","6264","1456","769","708","162","612","65","65","53","4","958"
"2011","COL","73","89","4.44","679","162","5","2","41","97","23","1447.2","6215","1471","774","714","176","522","47","48","65","7","1118"
"2009","ARI","70","92","4.44","645","162","4","1","36","46","19","1447.2","6267","1470","782","714","168","525","27","53","79","2","1158"
"2008","FLA","84","77","4.44","672","161","2","1","36","87","24","1435.1","6271","1421","767","708","161","586","66","58","59","4","1127"
"2007","MIL","83","79","4.44","654","162","3","0","49","95","20","1444.1","6285","1513","776","713","161","507","37","52","57","2","1174"
"2016","SDP","68","94","4.44","672","162","1","0","35","74","18","1440.0","6228","1425","770","711","183","569","44","53","67","3","1222"
"2011","KCR","71","91","4.45","582","162","2","0","37","58","22","1451.1","6280","1487","762","717","163","557","42","58","69","7","1080"
"2009","LAA","97","65","4.45","596","162","9","6","51","79","19","1445.0","6252","1513","761","715","180","523","35","58","67","2","1062"
"2017","SEA","78","84","4.46","689","162","1","0","39","93","26","1440.1","6132","1399","772","713","237","490","28","53","73","7","1244"
"2008","CLE","81","81","4.46","561","162","10","5","31","51","20","1437.0","6164","1530","761","712","170","444","28","51","44","5","986"
"2002","BAL","67","95","4.46","569","162","8","1","31","58","15","1450.2","6258","1491","773","719","208","549","34","54","54","1","967"
"2009","NYM","70","92","4.46","673","162","3","2","39","75","21","1426.0","6284","1452","757","707","158","616","60","55","41","10","1031"
"2009","TOR","75","87","4.47","607","162","10","4","25","50","16","1451.0","6281","1509","771","720","181","551","26","58","43","4","1181"
"2008","ATL","72","90","4.47","707","162","2","1","26","76","18","1440.2","6244","1439","778","715","156","586","80","42","42","5","1076"
"2004","PHI","86","76","4.47","638","162","4","4","43","82","25","1462.2","6308","1488","781","726","214","502","60","66","40","3","1070"
"2005","SEA","69","93","4.49","595","162","6","2","39","73","20","1427.2","6172","1483","751","712","179","496","32","57","36","4","892"
"2006","ARI","76","86","4.49","623","162","8","4","34","75","20","1459.2","6341","1503","788","728","168","536","44","61","53","4","1115"
"2003","BOS","95","67","4.49","599","162","5","0","36","46","21","1464.2","6355","1503","809","731","153","488","41","76","44","0","1141"
"2014","TEX","67","95","4.49","638","162","6","4","33","68","14","1426.1","6195","1510","773","712","160","505","43","61","61","7","1110"
"2003","NYM","66","95","4.50","573","161","3","3","38","59","15","1413.1","6204","1497","754","706","168","576","71","45","45","7","907"
"2009","MIN","87","76","4.50","643","163","4","1","48","82","16","1453.0","6274","1542","765","726","185","466","20","58","43","3","1052"
"2007","NYY","94","68","4.50","684","162","1","0","34","71","21","1450.2","6308","1498","777","725","150","578","33","60","59","6","1009"
"2017","SFG","64","98","4.50","664","162","3","2","32","66","22","1452.0","6287","1515","776","726","182","496","42","50","55","3","1234"
"2008","KCR","75","87","4.50","601","162","2","0","44","59","16","1445.2","6214","1473","781","723","159","515","15","41","68","5","1085"
"2018","MIN","78","84","4.50","728","162","2","1","37","83","28","1443.1","6287","1425","775","722","198","573","34","80","59","0","1377"
"2007","KCR","69","93","4.50","610","162","2","0","36","74","18","1437.1","6253","1547","778","719","168","520","54","41","56","4","993"
"2016","ATL","68","93","4.51","748","161","1","1","39","64","19","1447.2","6250","1414","779","725","177","547","55","70","83","4","1227"
"2012","CHC","61","101","4.51","655","162","1","0","28","56","21","1413.2","6140","1399","759","708","175","573","36","65","44","5","1128"
"2011","HOU","56","106","4.51","665","162","2","0","25","50","26","1435.0","6268","1477","796","719","188","560","59","53","39","9","1191"
"2017","COL","87","75","4.51","711","162","1","1","47","111","14","1437.2","6177","1453","757","721","190","532","20","50","69","10","1270"
"2001","MIN","85","77","4.51","564","162","12","5","45","","","1441.1","6187","1494","766","723","192","445","16","56","58","2","965"
"2016","OAK","69","93","4.51","654","162","2","1","42","66","23","1433.1","6144","1459","761","719","185","464","28","50","70","3","1188"
"2005","DET","71","91","4.52","587","162","7","0","37","56","20","1435.2","6139","1504","787","721","193","461","33","51","53","5","907"
"2000","SDP","76","86","4.52","605","162","5","0","46","","","1459.1","6414","1443","815","733","191","649","50","68","65","7","1071"
"2001","SDP","79","83","4.52","584","162","5","1","46","","","1440.2","6278","1519","812","724","219","476","54","56","46","5","1088"
"2019","PHI","81","81","4.53","726","162","3","1","36","94","19","1453.2","6274","1452","794","732","258","546","38","71","45","7","1392"
"2006","CIN","80","82","4.53","638","162","9","3","36","49","24","1445.2","6319","1576","801","728","213","464","55","60","40","9","1053"
"2000","SEA","91","71","4.53","545","162","4","4","44","","","1441.2","6269","1442","780","726","167","634","37","38","43","6","998"
"2005","NYY","95","67","4.54","580","162","8","4","46","69","21","1430.2","6182","1495","789","721","164","463","25","84","37","6","985"
"2006","STL","83","78","4.54","630","161","6","3","38","73","19","1429.2","6196","1475","762","721","193","504","35","80","35","3","970"
"2009","HOU","74","88","4.54","659","162","5","1","39","83","26","1430.0","6237","1521","770","722","176","546","56","50","43","4","1144"
"2004","TEX","89","73","4.54","630","162","5","2","52","76","14","1439.2","6345","1536","794","727","182","547","29","81","34","11","979"
"2006","PIT","67","95","4.55","667","162","2","1","39","72","21","1435.0","6354","1545","797","725","156","620","62","70","61","6","1060"
"2008","CIN","74","88","4.55","669","162","2","1","34","58","21","1442.1","6352","1542","800","729","201","557","40","67","52","7","1227"
"2001","CHW","83","79","4.55","568","162","8","3","51","","","1433.1","6200","1465","795","725","181","500","38","88","57","5","921"
"2013","MIN","66","96","4.55","673","162","1","1","40","77","18","1450.1","6257","1591","788","734","168","458","31","44","50","4","985"
"2005","BAL","74","88","4.56","636","162","2","0","38","70","19","1427.2","6242","1458","800","724","180","580","32","52","70","11","1052"
"2012","HOU","55","107","4.57","703","162","3","2","31","70","19","1423.1","6238","1493","794","722","173","540","40","48","75","6","1170"
"2017","PHI","66","96","4.57","668","162","1","0","33","73","24","1441.0","6235","1471","782","731","221","527","39","63","50","11","1309"
"2002","CHW","81","81","4.57","585","162","7","4","35","60","11","1423.0","6131","1422","798","723","190","528","31","60","54","6","945"
"2000","OAK","91","70","4.58","542","161","7","4","43","","","1435.1","6355","1535","813","730","158","615","57","48","45","1","963"
"2014","MIN","70","92","4.58","653","162","2","0","38","68","20","1435.0","6212","1588","777","730","147","408","24","45","50","6","1031"
"2007","WSN","73","89","4.58","750","162","0","0","46","95","27","1446.2","6333","1502","783","736","187","580","44","42","52","4","931"
"2007","DET","88","74","4.58","605","162","1","1","44","73","21","1447.1","6345","1498","797","737","174","566","41","68","75","8","1047"
"2000","FLA","79","82","4.59","590","161","5","3","48","","","1429.2","6307","1477","797","729","169","650","56","43","49","10","1051"
"2010","MIL","77","85","4.59","657","162","3","3","35","86","21","1439.0","6324","1487","804","734","173","582","42","48","71","3","1258"
"2010","BAL","66","96","4.59","616","162","3","0","35","71","27","1436.1","6262","1508","785","733","186","520","45","59","45","5","1007"
"2009","PIT","62","99","4.59","617","161","5","2","28","62","17","1418.1","6144","1491","768","724","152","563","37","47","52","3","919"
"2006","ATL","79","83","4.60","684","162","6","2","38","56","29","1441.1","6350","1529","805","736","183","572","69","55","39","2","1049"
"2011","MIN","63","99","4.60","619","162","7","3","32","59","20","1421.2","6210","1564","804","726","161","480","37","54","47","5","940"
"2018","DET","64","98","4.60","704","162","0","0","37","75","24","1425.1","6130","1423","796","728","216","491","20","60","54","4","1215"
"2006","SEA","78","84","4.60","591","162","6","2","47","72","20","1446.2","6294","1500","792","739","183","560","50","53","47","6","1067"
"2017","MIN","85","77","4.60","682","162","6","3","42","82","20","1436.0","6205","1487","788","734","224","483","37","69","52","8","1166"
"2006","TEX","80","82","4.61","651","162","3","1","42","79","23","1431.1","6237","1558","784","733","162","496","18","66","34","4","972"
"2006","PHI","85","77","4.61","662","162","4","2","42","85","22","1460.1","6366","1561","812","748","211","512","63","62","58","4","1138"
"2006","CHW","90","72","4.61","560","162","5","2","46","64","17","1449.0","6232","1534","794","743","200","433","59","58","51","1","1012"
"2003","STL","85","77","4.62","622","162","9","3","41","72","30","1463.2","6375","1544","796","751","210","508","36","65","53","1","969"
"2019","SDP","70","92","4.63","705","162","0","0","47","96","25","1432.0","6160","1394","789","737","215","463","19","68","60","6","1475"
"2017","KCR","80","82","4.63","700","162","1","1","39","94","21","1437.2","6218","1480","791","740","196","519","24","52","48","6","1216"
"2000","MIL","73","89","4.63","596","163","2","1","29","","","1466.1","6497","1501","826","755","174","728","87","65","60","6","967"
"2006","SFG","76","85","4.64","599","161","7","3","37","68","22","1429.2","6225","1422","790","737","153","584","37","70","50","7","992"
"2015","DET","74","87","4.64","666","161","7","4","35","49","24","1447.0","6188","1491","803","746","193","489","32","46","60","8","1100"
"2016","PHI","71","91","4.64","667","162","4","3","43","80","20","1437.0","6163","1468","796","741","213","466","30","51","57","9","1299"
"2012","TOR","73","89","4.64","657","162","5","4","29","72","15","1443.2","6216","1439","784","745","204","574","20","55","56","7","1142"
"2001","CLE","91","71","4.65","645","162","3","0","42","","","1446.2","6312","1512","821","747","148","573","44","49","58","11","1218"
"2003","PIT","75","87","4.65","619","162","7","3","44","77","24","1444.1","6293","1527","801","746","178","502","58","61","50","2","926"
"2001","MIL","68","94","4.65","651","162","3","2","28","","","1436.1","6338","1452","806","742","197","667","107","72","58","3","1057"
"2018","CIN","67","95","4.65","706","162","1","0","38","74","19","1441.0","6279","1491","819","745","228","532","60","50","48","8","1258"
"2002","SDP","66","96","4.66","622","162","5","2","40","60","23","1436.1","6333","1522","815","743","177","582","61","66","51","4","1108"
"2006","COL","76","86","4.66","661","162","5","4","34","76","25","1447.1","6318","1549","812","749","155","553","81","66","43","2","952"
"2008","WSN","59","102","4.66","678","161","2","0","28","66","28","1434.0","6310","1496","825","743","190","588","44","51","59","8","1063"
"2000","CHW","95","67","4.67","628","162","5","2","43","","","1450.1","6337","1509","839","752","195","614","27","54","43","8","1037"
"2007","STL","78","84","4.67","678","162","2","0","34","63","11","1435.2","6283","1514","829","745","168","509","25","73","39","6","945"
"2017","OAK","75","87","4.67","687","162","1","1","35","95","25","1431.0","6167","1444","826","743","210","502","17","61","84","3","1202"
"2004","NYY","101","61","4.69","598","162","1","0","59","70","17","1443.2","6240","1532","808","752","182","445","32","60","57","4","1058"
"2001","MON","68","94","4.69","653","162","5","3","28","","","1431.1","6250","1509","812","746","190","525","40","61","55","4","1103"
"2003","TOR","86","76","4.69","605","162","14","4","35","64","17","1435.0","6270","1560","826","748","184","485","46","57","56","2","984"
"2015","PHI","63","99","4.69","665","162","1","1","35","53","16","1436.1","6332","1592","809","749","191","488","37","61","60","7","1153"
"2019","BOS","84","78","4.70","794","162","1","1","33","82","28","1471.0","6399","1423","828","768","215","605","22","76","81","6","1633"
"2017","SDP","71","91","4.70","679","162","2","1","45","81","17","1430.2","6169","1417","816","747","226","554","28","75","73","11","1325"
"2017","TEX","78","84","4.70","626","162","2","1","29","66","21","1434.1","6211","1443","816","749","214","559","22","74","63","7","1107"
"2001","BAL","63","98","4.70","554","162","10","2","31","","","1432.1","6273","1504","829","748","194","528","28","74","37","5","938"
"2007","HOU","73","89","4.70","638","162","2","1","38","65","25","1464.2","6417","1566","813","765","206","510","62","63","40","3","1109"
"2004","BAL","78","84","4.71","614","162","8","4","27","54","20","1455.1","6459","1488","830","761","159","687","43","62","68","9","1090"
"2017","ATL","72","90","4.72","692","162","0","0","36","81","23","1441.1","6306","1463","821","756","192","584","39","70","58","5","1258"
"2012","BOS","69","93","4.72","651","162","6","2","35","76","22","1443.0","6209","1449","806","757","190","529","33","66","42","11","1176"
"2008","SEA","61","101","4.73","631","162","4","0","36","57","31","1435.1","6368","1544","811","754","161","626","37","53","60","5","1016"
"2000","DET","79","83","4.73","591","162","6","1","44","","","1443.1","6295","1583","827","759","177","496","22","47","51","5","978"
"2019","MIA","57","105","4.74","701","162","2","2","27","55","22","1444.1","6247","1340","808","760","236","615","52","90","71","6","1378"
"2006","CHC","66","96","4.74","704","162","2","1","29","68","17","1439.0","6366","1396","834","758","210","687","44","67","68","4","1250"
"2005","BOS","95","67","4.74","604","162","6","0","38","59","19","1429.0","6227","1550","805","753","164","440","28","89","56","4","959"
"2002","MIL","56","106","4.76","608","162","7","3","32","52","10","1432.1","6339","1468","821","757","199","666","82","62","64","8","1026"
"2000","NYY","87","74","4.76","543","161","9","2","40","","","1424.1","6256","1458","814","753","177","577","23","52","49","6","1040"
"2007","TEX","75","87","4.76","629","162","0","0","42","80","14","1430.0","6389","1525","844","756","155","668","38","70","66","4","976"
"2004","SEA","63","99","4.76","576","162","7","2","28","42","21","1459.1","6389","1498","823","772","212","575","32","72","45","7","1036"
"2003","BAL","71","91","4.76","588","163","9","1","41","66","21","1449.2","6366","1579","820","767","198","526","43","80","42","4","981"
"2018","MIA","63","98","4.76","707","161","1","0","30","80","22","1442.0","6236","1388","809","763","192","605","73","71","47","6","1249"
"2007","PHI","89","73","4.76","660","162","5","2","42","90","21","1458.1","6385","1555","821","772","198","558","62","72","46","3","1050"
"2012","MIN","66","96","4.77","661","162","3","1","35","63","14","1438.2","6214","1536","832","762","198","465","43","57","60","2","943"
"2008","COL","74","88","4.77","647","162","3","1","36","59","23","1446.0","6338","1547","822","766","148","562","49","53","61","7","1041"
"2007","SEA","88","74","4.77","618","162","6","4","43","74","15","1434.1","6313","1578","813","760","147","546","39","62","59","10","1020"
"2007","CHW","72","90","4.77","625","162","9","4","42","73","23","1440.2","6293","1556","839","764","174","499","50","59","45","0","1015"
"2001","CIN","66","96","4.78","623","162","2","1","35","","","1442.2","6324","1572","850","766","198","515","46","48","53","4","943"
"2017","CHW","67","95","4.78","682","162","0","0","25","55","15","1421.2","6200","1384","820","755","242","632","36","68","67","5","1193"
"2012","CLE","68","94","4.79","656","162","2","1","43","81","13","1442.0","6283","1503","845","767","174","543","27","55","67","6","1086"
"2000","PHI","65","97","4.79","575","162","8","3","34","","","1438.2","6314","1458","830","766","201","640","32","42","54","3","1123"
"2019","TOR","67","95","4.79","753","162","1","0","33","72","10","1440.1","6313","1450","828","767","228","604","25","69","70","6","1332"
"2013","HOU","51","111","4.79","610","162","2","1","32","70","29","1440.0","6370","1530","848","767","191","616","32","56","61","6","1084"
"2002","TOR","78","84","4.81","623","162","6","2","41","69","29","1438.1","6338","1504","828","768","177","590","56","71","57","4","991"
"2010","ARI","65","97","4.81","616","162","3","1","35","48","24","1432.0","6260","1503","836","765","210","548","38","58","82","4","1070"
"2017","MIA","77","85","4.82","742","162","1","1","34","98","26","1442.2","6318","1450","822","772","193","627","59","75","57","3","1202"
"2004","CLE","80","82","4.82","641","162","8","3","32","55","28","1466.2","6450","1553","857","785","201","579","47","62","43","6","1115"
"2004","TBD","70","91","4.82","562","161","3","0","35","46","10","1417.0","6261","1459","842","759","192","580","35","93","55","7","923"
"2006","BOS","86","76","4.83","616","162","3","1","46","80","23","1441.1","6292","1570","825","773","181","509","25","68","52","3","1070"
"2009","KCR","65","97","4.83","588","162","10","5","34","50","22","1426.0","6265","1486","842","765","166","600","28","51","89","6","1153"
"2006","MIL","75","87","4.83","589","162","7","5","43","59","24","1425.2","6210","1454","833","765","177","514","34","74","57","2","1145"
"2000","CLE","90","72","4.84","624","162","6","2","34","","","1442.1","6380","1511","816","775","173","666","45","42","50","3","1213"
"2009","MIL","80","82","4.84","674","162","1","0","44","89","22","1435.0","6352","1498","818","772","207","607","60","65","61","1","1104"
"2018","CHW","62","100","4.85","715","162","0","0","34","67","19","1437.0","6339","1404","848","774","196","653","25","89","94","9","1259"
"2018","TOR","73","89","4.85","752","162","0","0","39","83","20","1433.2","6265","1476","832","773","208","551","19","67","71","5","1298"
"2014","COL","66","96","4.86","709","162","1","1","24","74","26","1431.0","6248","1528","818","772","173","531","32","54","72","8","1074"
"2000","TBD","69","92","4.86","562","161","10","3","38","","","1431.1","6283","1553","842","773","198","533","33","66","57","3","955"
"2001","KCR","65","97","4.87","558","162","5","0","30","","","1440.0","6289","1537","858","779","209","576","26","61","73","2","911"
"2005","ARI","77","85","4.87","620","162","6","1","45","64","17","1456.1","6402","1580","856","788","193","537","43","62","58","5","1038"
"2003","SDP","64","98","4.87","635","162","2","0","31","60","18","1431.1","6303","1458","831","775","208","611","52","62","64","3","1091"
"2019","CHW","72","89","4.91","697","161","6","2","33","73","16","1412.2","6159","1438","832","770","238","582","30","51","71","5","1312"
"2008","DET","74","88","4.91","602","162","1","0","34","60","28","1445.0","6411","1541","857","788","172","644","63","68","65","7","991"
"2002","CLE","74","88","4.91","583","162","9","2","34","51","19","1424.2","6271","1508","837","777","142","603","38","57","52","8","1058"
"2016","CIN","68","94","4.91","646","162","2","1","28","57","25","1442.0","6348","1457","854","787","258","636","31","78","61","12","1241"
"2004","CHW","83","79","4.91","561","162","8","2","34","57","12","1432.1","6189","1505","831","782","224","527","36","48","43","3","1013"
"2016","COL","75","87","4.92","695","162","2","2","37","73","28","1429.1","6289","1532","860","781","181","547","38","70","72","5","1223"
"2011","BAL","69","93","4.92","640","162","3","1","32","59","19","1446.2","6332","1568","860","791","210","535","42","45","32","4","1044"
"2018","TEX","67","95","4.92","668","162","1","0","42","90","14","1431.0","6231","1516","848","783","222","491","23","72","57","8","1121"
"2004","DET","72","90","4.93","594","162","7","4","35","58","28","1439.2","6296","1542","844","788","190","530","33","54","71","6","995"
"2004","TOR","67","94","4.93","592","161","6","4","37","47","16","1421.0","6281","1505","823","778","181","608","47","58","60","11","956"
"2003","TBD","63","99","4.93","534","162","7","3","30","56","25","1436.2","6340","1454","852","787","196","639","37","95","65","9","877"
"2002","DET","55","106","4.94","533","161","11","4","33","32","21","1414.0","6215","1593","864","776","163","463","34","62","59","8","794"
"2007","PIT","68","94","4.94","657","162","4","2","32","68","19","1447.2","6374","1627","846","795","174","518","55","76","45","3","997"
"2000","PIT","69","93","4.94","628","162","5","2","27","","","1449.0","6514","1554","888","796","163","711","61","60","67","6","1070"
"2018","KCR","58","104","4.95","645","162","2","0","33","52","24","1432.0","6284","1542","833","787","205","549","28","51","68","4","1157"
"2007","CIN","72","90","4.95","684","162","6","2","34","59","28","1449.2","6354","1605","853","798","198","482","47","73","54","5","1068"
"2007","FLA","71","91","4.96","722","162","0","0","40","106","24","1443.2","6544","1617","891","795","176","661","60","76","67","9","1142"
"2001","TBD","62","100","4.96","532","162","1","1","30","","","1423.2","6288","1513","887","784","207","569","21","75","75","7","1030"
"2006","TBD","61","101","4.97","606","162","3","2","33","47","21","1420.1","6374","1600","856","784","180","606","39","63","70","8","979"
"2005","TEX","79","83","4.97","616","162","2","1","46","48","22","1440.0","6371","1589","858","795","159","522","31","60","44","4","932"
"2017","BAL","75","87","4.97","654","162","1","1","35","58","17","1441.0","6293","1505","841","796","242","579","21","60","53","6","1233"
"2010","KCR","67","95","4.97","603","162","7","1","44","64","21","1436.2","6333","1553","845","794","176","551","28","47","55","7","1035"
"2004","ARI","51","111","4.98","633","162","5","2","33","55","22","1436.0","6418","1480","899","795","197","668","79","75","71","8","1153"
"2019","SEA","68","94","5.00","700","162","3","2","34","66","29","1439.1","6268","1484","893","799","260","505","25","51","75","4","1239"
"2010","PIT","57","105","5.00","679","162","1","1","31","67","17","1411.2","6300","1567","866","785","167","538","40","66","56","10","1026"
"2001","DET","66","96","5.01","553","162","16","1","34","","","1429.1","6361","1624","876","795","180","553","56","73","40","4","859"
"2017","NYM","70","92","5.01","730","162","2","0","34","73","20","1434.2","6378","1538","863","799","220","593","51","55","55","5","1374"
"2000","ANA","82","80","5.02","603","162","5","2","46","","","1448.0","6401","1534","869","807","228","662","44","36","47","10","846"
"2009","WSN","59","103","5.02","694","162","6","1","33","62","25","1424.1","6349","1533","874","794","173","629","59","48","74","5","911"
"2003","MIL","68","94","5.03","622","162","5","1","44","59","27","1452.0","6459","1590","873","811","219","575","43","61","57","8","1034"
"2006","WSN","71","91","5.03","679","162","1","1","32","62","23","1436.1","6424","1535","872","803","193","584","93","92","47","10","960"
"2015","COL","68","94","5.04","746","162","4","1","36","99","25","1426.1","6308","1579","844","799","183","579","42","48","66","6","1112"
"2001","PIT","62","100","5.05","572","162","8","2","36","","","1416.1","6222","1493","858","794","167","549","74","80","49","4","908"
"2003","KCR","83","79","5.07","570","162","7","3","36","62","28","1438.2","6366","1569","867","810","190","566","33","66","60","9","865"
"2009","CLE","65","97","5.07","607","162","5","2","25","49","18","1434.0","6354","1570","865","808","183","598","31","45","49","7","986"
"2019","TEX","78","84","5.09","661","162","4","1","33","58","14","1438.0","6354","1515","878","813","241","583","11","70","68","3","1379"
"2016","MIN","59","103","5.09","695","162","4","1","26","46","20","1443.0","6314","1617","889","816","221","479","26","41","83","7","1191"
"2003","CIN","69","93","5.09","637","162","4","1","38","60","26","1446.1","6423","1578","886","818","209","590","61","48","46","3","932"
"2016","ARI","69","93","5.09","737","162","2","2","31","69","22","1451.1","6437","1563","890","821","202","603","57","57","69","7","1318"
"2008","PIT","67","95","5.10","659","162","3","2","34","65","22","1455.0","6528","1631","884","824","176","657","31","49","64","9","963"
"2019","LAA","72","90","5.12","751","162","0","0","32","72","14","1442.2","6289","1417","868","820","267","576","11","82","98","9","1404"
"2005","COL","67","95","5.14","621","162","4","1","37","68","26","1418.2","6385","1600","862","810","175","604","54","84","65","6","981"
"2000","MON","67","95","5.14","614","162","4","2","39","","","1424.2","6340","1575","902","814","181","579","40","60","55","7","1011"
"2008","BAL","68","93","5.15","653","161","4","1","35","56","24","1422.0","6414","1538","869","814","184","687","44","80","72","7","922"
"2000","MIN","69","93","5.16","574","162","6","2","35","","","1432.2","6336","1634","880","821","212","516","12","35","68","4","1042"
"2002","TEX","72","90","5.16","649","162","4","2","33","65","33","1439.2","6446","1528","882","826","194","669","32","76","84","11","1030"
"2004","KCR","58","104","5.16","571","162","6","2","25","48","22","1420.1","6320","1638","905","815","208","518","49","56","60","10","887"
"2009","BAL","64","98","5.16","646","162","2","0","31","61","22","1429.0","6359","1633","876","820","218","546","45","51","31","7","933"
"2017","CIN","68","94","5.17","666","162","2","1","33","57","14","1430.0","6286","1442","869","821","248","631","37","77","62","7","1300"
"2000","TOR","83","79","5.17","550","162","15","3","37","","","1437.1","6377","1615","908","826","195","560","19","64","37","3","978"
"2005","CIN","73","89","5.18","654","163","2","0","31","63","16","1433.0","6397","1657","889","824","219","492","47","80","53","3","955"
"2007","BAL","69","93","5.19","652","162","4","1","30","78","25","1438.2","6418","1491","868","829","161","696","37","72","55","8","1087"
"2019","PIT","69","93","5.19","712","162","1","0","31","57","24","1440.0","6391","1511","911","830","241","584","22","85","50","4","1443"
"2018","BAL","47","115","5.19","652","162","2","0","28","54","18","1431.0","6340","1552","892","825","234","589","29","67","81","8","1203"
"2019","KCR","59","103","5.20","682","162","1","1","37","61","23","1425.0","6307","1525","869","824","221","582","25","81","59","5","1230"
"2002","KCR","62","100","5.21","583","162","12","4","30","40","24","1441.0","6386","1587","891","834","212","572","48","52","68","6","909"
"2002","COL","73","89","5.21","668","162","1","0","43","78","16","1426.2","6345","1554","898","826","225","582","49","64","42","6","920"
"2004","CIN","76","86","5.21","659","162","5","2","47","80","30","1443.2","6451","1595","907","836","236","572","55","54","74","3","992"
"2012","COL","64","98","5.22","737","162","0","0","36","73","27","1422.0","6384","1637","890","824","198","566","61","47","94","6","1144"
"2003","COL","74","88","5.24","662","162","3","0","34","76","20","1420.0","6364","1629","892","826","200","552","51","84","48","8","866"
"2019","DET","47","114","5.26","738","161","0","0","31","65","25","1433.0","6341","1555","915","837","250","536","24","69","66","7","1368"
"2000","CHC","65","97","5.26","583","162","10","1","39","","","1454.2","6451","1505","904","850","231","658","45","62","45","4","1143"
"2000","COL","82","80","5.29","641","162","7","1","33","","","1430.0","6340","1568","897","840","221","588","72","72","40","5","1001"
"2002","TBD","55","106","5.29","467","161","12","1","25","24","21","1440.1","6424","1567","918","847","215","620","24","94","62","10","925"
"2001","COL","73","89","5.29","636","162","8","4","26","","","1430.0","6306","1522","906","841","239","598","71","64","38","1","1058"
"2003","DET","43","119","5.32","613","162","3","0","27","44","19","1438.2","6376","1616","928","850","195","557","35","56","52","5","764"
"2006","BAL","70","92","5.35","634","162","5","1","35","58","21","1419.0","6327","1579","899","844","216","613","26","48","59","4","1016"
"2017","DET","64","98","5.36","672","162","2","1","32","75","23","1420.1","6298","1587","894","846","218","538","42","61","53","4","1202"
"2008","TEX","79","83","5.37","619","162","6","2","36","73","28","1442.0","6506","1647","967","860","176","625","44","72","62","9","963"
"2000","BAL","74","88","5.37","558","162","14","2","33","","","1433.1","6433","1547","913","855","202","665","32","36","51","1","1017"
"2005","TBD","67","95","5.40","563","162","1","0","43","66","26","1421.2","6384","1570","936","853","194","615","41","64","53","5","949"
"2000","HOU","72","90","5.42","572","162","8","1","30","","","1437.2","6455","1596","944","865","234","598","25","60","55","3","1064"
"2000","KCR","77","85","5.48","491","162","10","3","29","","","1439.1","6443","1585","930","877","239","693","35","42","77","5","927"
"2000","TEX","71","91","5.52","577","162","3","0","39","","","1429.0","6559","1683","974","876","202","661","40","63","40","6","918"
"2007","TBD","66","96","5.53","645","162","2","1","28","58","21","1429.2","6403","1649","944","879","199","568","31","63","55","2","1194"
"2004","COL","68","94","5.54","635","162","3","0","36","67","34","1435.1","6535","1634","923","883","198","697","84","71","66","6","947"
"2005","KCR","56","106","5.56","605","162","4","0","25","55","18","1413.1","6370","1640","935","873","178","580","33","74","69","9","924"
"2019","COL","71","91","5.58","752","162","1","1","28","62","23","1448.2","6423","1576","958","898","270","589","33","57","63","7","1264"
"2019","BAL","54","108","5.67","695","162","0","0","27","57","27","1443.0","6396","1544","981","909","305","561","11","80","75","6","1248"
"2006","KCR","62","100","5.67","635","162","3","2","35","66","31","1426.1","6434","1648","971","899","213","637","45","60","85","9","904"
"2003","TEX","71","91","5.69","656","162","4","2","43","74","20","1433.1","6413","1625","969","906","208","603","45","63","51","8","1009"
"2001","TEX","73","89","5.71","572","162","4","1","37","","","1438.1","6469","1670","968","913","222","596","33","63","70","9","951"
